year,jurisdiction,office,cycle,win,incumbent,margin,violent_100k,property_100k,totalcrime_100k,sheltered_100k,unsheltered_100k,totalhomeless_100k
2017,losangeles_mayor,mayor,primary,1,1,73.21237784,763,2541,3304,224,605,829
2022,losangeles_mayor,mayor,general,1,0,9.668442344,831,2699,3530,354,745,1099
2020,losangeles_county_prosecutor,prosecutor,general,1,0,7.062655921,545,2131,2676,184,480,664
2024,losangeles_county_prosecutor,prosecutor,general,0,1,-19.77629062,639,2809,3448,239,545,784
2022,oakland_mayor,mayor,general,1,0,0.5952433288,1513,6443,7956,399,775,1174
2024,oakland_mayor,mayor,recall,0,1,-21.23568351,1437,6492,7929,413,827,1240
2022,alameda_county_prosecutor,prosecutor,general,1,0,6.297167238,683,4252,4935,160,438,598
2024,alameda_county_prosecutor,prosecutor,recall,0,1,-25.83375647,532,3701,4233,192,393,585
2020,portland_mayor,mayor,general,0,1,-5.282526411,583,5118,5701,262,312,574
2024,portland_mayor,mayor,general,0,0,-18.11519775,512,5620,6132,439,649,1088
2020,multnomah_county_prosecutor,prosecutor,primary,1,0,53.54273625,553,5221,5774,262,312,574
2024,multnomah_county_prosecutor,prosecutor,primary,0,1,-6.980057721,557,5032,5589,439,649,1088
2018,sanfrancisco_mayor,mayor,special,0,0,-1.109813084,712,5701,6413,283,540,823
2024,sanfrancisco_mayor,mayor,general,0,0,-12.56064588,587,3929,4516,490,538,1028
2019,sanfrancisco_prosecutor,prosecutor,general,1,0,1.664868921,691,5673,6364,324,588,912
2022,sanfrancisco_prosecutor,prosecutor,recall,0,1,-10.06037753,675,5988,6663,415,544,959
2017,seattle_mayor,mayor,general,0,0,-12.33733825,617,5196,5813,606,532,1138
2021,seattle_mayor,mayor,general,1,0,-17.45743611,808,5538,6346,507,606,1113
2017,seattle_prosecutor,prosecutor,general,1,1,49.60620934,617,5196,5813,606,532,1138
2021,seattle_prosecutor,prosecutor,general,0,0,-3.762194814,808,5538,6346,507,606,1113