year,name,jurisdiction,sheltered_100k,unsheltered_100k,totalhomeless_100k
2014,Los Angeles,losangeles_mayor,207,423,630
2015,Los Angeles,losangeles_mayor,201,445,646
2016,Los Angeles,losangeles_mayor,179,704,799
2017,Los Angeles,losangeles_mayor,224,605,829
2018,Los Angeles,losangeles_mayor,210,574,784
2019,Los Angeles,losangeles_mayor,225,669,894
2020,Los Angeles,losangeles_mayor,319,740,1059
2021,Los Angeles,losangeles_mayor,325,744,1069
2022,Los Angeles,losangeles_mayor,354,745,1099
2023,Los Angeles,losangeles_mayor,355,855,1210
2024,Los Angeles,losangeles_mayor,418,766,1184
2014,Los Angeles County,losangeles_county_prosecutor,130,247,377
2015,Los Angeles County,losangeles_county_prosecutor,131,305,436
2016,Los Angeles County,losangeles_county_prosecutor,120,342,462
2017,Los Angeles County,losangeles_county_prosecutor,147,394,541
2018,Los Angeles County,losangeles_county_prosecutor,132,390,522
2019,Los Angeles County,losangeles_county_prosecutor,147,440,587
2020,Los Angeles County,losangeles_county_prosecutor,184,480,664
2021,Los Angeles County,losangeles_county_prosecutor,184,491,675
2022,Los Angeles County,losangeles_county_prosecutor,212,499,711
2023,Los Angeles County,losangeles_county_prosecutor,210,571,781
2024,Los Angeles County,losangeles_county_prosecutor,239,545,784
2014,Oakland,oakland_mayor,227,278,505
2015,Oakland,oakland_mayor,191,281,472
2016,Oakland,oakland_mayor,202,367,569
2017,Oakland,oakland_mayor,202,447,649
2018,Oakland,oakland_mayor,200,596,796
2019,Oakland,oakland_mayor,199,741,940
2020,Oakland,oakland_mayor,293,743,1036
2021,Oakland,oakland_mayor,347,762,1109
2022,Oakland,oakland_mayor,399,775,1174
2023,Oakland,oakland_mayor,406,801,1207
2024,Oakland,oakland_mayor,413,827,1240
2014,Alameda County,alameda_county_prosecutor,120,145,265
2015,Alameda County,alameda_county_prosecutor,100,146,246
2016,Alameda County,alameda_county_prosecutor,106,190,296
2017,Alameda County,alameda_county_prosecutor,106,232,338
2018,Alameda County,alameda_county_prosecutor,98,305,403
2019,Alameda County,alameda_county_prosecutor,102,378,480
2020,Alameda County,alameda_county_prosecutor,108,400,508
2021,Alameda County,alameda_county_prosecutor,154,420,574
2022,Alameda County,alameda_county_prosecutor,160,438,598
2023,Alameda County,alameda_county_prosecutor,162,415,577
2024,Alameda County,alameda_county_prosecutor,192,393,585
2014,Portland,portland_mayor,262,244,506
2015,Portland,portland_mayor,242,239,481
2016,Portland,portland_mayor,253,236,489
2017,Portland,portland_mayor,311,207,518
2018,Portland,portland_mayor,290,228,518
2019,Portland,portland_mayor,243,251,494
2020,Portland,portland_mayor,262,312,574
2021,Portland,portland_mayor,222,349,571
2022,Portland,portland_mayor,273,385,658
2023,Portland,portland_mayor,298,499,797
2024,Portland,portland_mayor,439,649,1088
2014,Multnomah County,multnomah_county_prosecutor,262,244,506
2015,Multnomah County,multnomah_county_prosecutor,242,239,481
2016,Multnomah County,multnomah_county_prosecutor,253,236,489
2017,Multnomah County,multnomah_county_prosecutor,311,207,518
2018,Multnomah County,multnomah_county_prosecutor,290,228,518
2019,Multnomah County,multnomah_county_prosecutor,243,251,494
2020,Multnomah County,multnomah_county_prosecutor,262,312,574
2021,Multnomah County,multnomah_county_prosecutor,222,349,571
2022,Multnomah County,multnomah_county_prosecutor,273,384,657
2023,Multnomah County,multnomah_county_prosecutor,298,499,797
2024,Multnomah County,multnomah_county_prosecutor,439,649,1088
2014,San Francisco,sanfrancisco_mayor,246,506,752
2015,San Francisco,sanfrancisco_mayor,279,504,783
2016,San Francisco,sanfrancisco_mayor,303,500,803
2017,San Francisco,sanfrancisco_mayor,283,492,775
2018,San Francisco,sanfrancisco_mayor,283,540,823
2019,San Francisco,sanfrancisco_mayor,324,588,912
2020,San Francisco,sanfrancisco_mayor,337,548,885
2021,San Francisco,sanfrancisco_mayor,491,563,1054
2022,San Francisco,sanfrancisco_mayor,415,544,959
2023,San Francisco,sanfrancisco_mayor,394,541,935
2024,San Francisco,sanfrancisco_mayor,490,538,1028
2014,San Francisco,sanfrancisco_prosecutor,246,506,752
2015,San Francisco,sanfrancisco_prosecutor,279,504,783
2016,San Francisco,sanfrancisco_prosecutor,303,500,803
2017,San Francisco,sanfrancisco_prosecutor,283,492,775
2018,San Francisco,sanfrancisco_prosecutor,283,540,823
2019,San Francisco,sanfrancisco_prosecutor,324,588,912
2020,San Francisco,sanfrancisco_prosecutor,337,548,885
2021,San Francisco,sanfrancisco_prosecutor,491,563,1054
2022,San Francisco,sanfrancisco_prosecutor,415,544,959
2023,San Francisco,sanfrancisco_prosecutor,394,541,935
2024,San Francisco,sanfrancisco_prosecutor,490,538,1028
2014,Seattle,seattle_mayor,663,288,951
2015,Seattle,seattle_mayor,658,391,1049
2016,Seattle,seattle_mayor,630,450,1080
2017,Seattle,seattle_mayor,606,532,1138
2018,Seattle,seattle_mayor,537,602,1139
2019,Seattle,seattle_mayor,562,472,1034
2020,Seattle,seattle_mayor,601,507,1108
2021,Seattle,seattle_mayor,507,606,1113
2022,Seattle,seattle_mayor,544,687,1231
2023,Seattle,seattle_mayor,614,776,1390
2024,Seattle,seattle_mayor,665,864,1529
2014,Seattle,seattle_prosecutor,663,288,951
2015,Seattle,seattle_prosecutor,658,391,1049
2016,Seattle,seattle_prosecutor,630,450,1080
2017,Seattle,seattle_prosecutor,606,532,1138
2018,Seattle,seattle_prosecutor,537,602,1139
2019,Seattle,seattle_prosecutor,562,472,1034
2020,Seattle,seattle_prosecutor,601,507,1108
2021,Seattle,seattle_prosecutor,507,606,1113
2022,Seattle,seattle_prosecutor,544,687,1231
2023,Seattle,seattle_prosecutor,614,776,1390
2024,Seattle,seattle_prosecutor,665,864,1529