<?xml version="1.0" encoding="UTF-8"?>
<metadata xml:lang="en"><Esri><CreaDate>20220328</CreaDate><CreaTime>08534600</CreaTime><ArcGISFormat>1.0</ArcGISFormat><SyncOnce>FALSE</SyncOnce><DataProperties><lineage><Process ToolSource="C:\Program Files (x86)\ArcGIS\Desktop10.0\ArcToolbox\Toolboxes\Data Management Tools.tbx\CalculateField" Date="20120523" Time="114648">CalculateField PlanSupDist_01 SupDist 1 VB #</Process><Process ToolSource="c:\program files (x86)\arcgis\desktop10.0\ArcToolbox\Toolboxes\Data Management Tools.tbx\Merge" Date="20120523" Time="172203">Merge 'O:\Precinct Services\Projects\GIS\Reprecincting 2012\Output\SF_DOE_precincts_2012.gdb\Boundaries\Precincts_Dist01';'O:\Precinct Services\Projects\GIS\Reprecincting 2012\Output\SF_DOE_precincts_2012.gdb\Boundaries\Precincts_Dist02';'O:\Precinct Services\Projects\GIS\Reprecincting 2012\Output\SF_DOE_precincts_2012.gdb\Boundaries\Precincts_Dist03';'O:\Precinct Services\Projects\GIS\Reprecincting 2012\Output\SF_DOE_precincts_2012.gdb\Boundaries\Precincts_Dist04';'O:\Precinct Services\Projects\GIS\Reprecincting 2012\Output\SF_DOE_precincts_2012.gdb\Boundaries\Precincts_Dist05';'O:\Precinct Services\Projects\GIS\Reprecincting 2012\Output\SF_DOE_precincts_2012.gdb\Boundaries\Precincts_Dist06';'O:\Precinct Services\Projects\GIS\Reprecincting 2012\Output\SF_DOE_precincts_2012.gdb\Boundaries\Precincts_Dist07';'O:\Precinct Services\Projects\GIS\Reprecincting 2012\Output\SF_DOE_precincts_2012.gdb\Boundaries\Precincts_Dist08';'O:\Precinct Services\Projects\GIS\Reprecincting 2012\Output\SF_DOE_precincts_2012.gdb\Boundaries\Precincts_Dist09';'O:\Precinct Services\Projects\GIS\Reprecincting 2012\Output\SF_DOE_precincts_2012.gdb\Boundaries\Precincts_Dist10';'O:\Precinct Services\Projects\GIS\Reprecincting 2012\Output\SF_DOE_precincts_2012.gdb\Boundaries\Precincts_Dist11' "O:\Precinct Services\Projects\GIS\Reprecincting 2012\SF_DOE_Redistricting2012.gdb\Precincts_Dist01_Merge" "OBJECTID "OBJECTID" true true false 4 Long 0 0 ,First,#,O:\Precinct Services\Projects\GIS\Reprecincting 2012\Output\SF_DOE_precincts_2012.gdb\Boundaries\Precincts_Dist01,OBJECTID,-1,-1,O:\Precinct Services\Projects\GIS\Reprecincting 2012\Output\SF_DOE_precincts_2012.gdb\Boundaries\Precincts_Dist02,OBJECTID,-1,-1,O:\Precinct Services\Projects\GIS\Reprecincting 2012\Output\SF_DOE_precincts_2012.gdb\Boundaries\Precincts_Dist03,OBJECTID,-1,-1,O:\Precinct Services\Projects\GIS\Reprecincting 2012\Output\SF_DOE_precincts_2012.gdb\Boundaries\Precincts_Dist04,OBJECTID,-1,-1,O:\Precinct Services\Projects\GIS\Reprecincting 2012\Output\SF_DOE_precincts_2012.gdb\Boundaries\Precincts_Dist05,OBJECTID,-1,-1,O:\Precinct Services\Projects\GIS\Reprecincting 2012\Output\SF_DOE_precincts_2012.gdb\Boundaries\Precincts_Dist06,OBJECTID,-1,-1,O:\Precinct Services\Projects\GIS\Reprecincting 2012\Output\SF_DOE_precincts_2012.gdb\Boundaries\Precincts_Dist07,OBJECTID,-1,-1,O:\Precinct Services\Projects\GIS\Reprecincting 2012\Output\SF_DOE_precincts_2012.gdb\Boundaries\Precincts_Dist08,OBJECTID,-1,-1,O:\Precinct Services\Projects\GIS\Reprecincting 2012\Output\SF_DOE_precincts_2012.gdb\Boundaries\Precincts_Dist09,OBJECTID,-1,-1,O:\Precinct Services\Projects\GIS\Reprecincting 2012\Output\SF_DOE_precincts_2012.gdb\Boundaries\Precincts_Dist10,OBJECTID,-1,-1,O:\Precinct Services\Projects\GIS\Reprecincting 2012\Output\SF_DOE_precincts_2012.gdb\Boundaries\Precincts_Dist11,OBJECTID,-1,-1;DIST_ID "DIST_ID" true true false 4 Long 0 0 ,First,#,O:\Precinct Services\Projects\GIS\Reprecincting 2012\Output\SF_DOE_precincts_2012.gdb\Boundaries\Precincts_Dist01,DIST_ID,-1,-1,O:\Precinct Services\Projects\GIS\Reprecincting 2012\Output\SF_DOE_precincts_2012.gdb\Boundaries\Precincts_Dist02,DIST_ID,-1,-1,O:\Precinct Services\Projects\GIS\Reprecincting 2012\Output\SF_DOE_precincts_2012.gdb\Boundaries\Precincts_Dist03,DIST_ID,-1,-1,O:\Precinct Services\Projects\GIS\Reprecincting 2012\Output\SF_DOE_precincts_2012.gdb\Boundaries\Precincts_Dist04,DIST_ID,-1,-1,O:\Precinct Services\Projects\GIS\Reprecincting 2012\Output\SF_DOE_precincts_2012.gdb\Boundaries\Precincts_Dist05,DIST_ID,-1,-1,O:\Precinct Services\Projects\GIS\Reprecincting 2012\Output\SF_DOE_precincts_2012.gdb\Boundaries\Precincts_Dist06,DIST_ID,-1,-1,O:\Precinct Services\Projects\GIS\Reprecincting 2012\Output\SF_DOE_precincts_2012.gdb\Boundaries\Precincts_Dist07,DIST_ID,-1,-1,O:\Precinct Services\Projects\GIS\Reprecincting 2012\Output\SF_DOE_precincts_2012.gdb\Boundaries\Precincts_Dist08,DIST_ID,-1,-1,O:\Precinct Services\Projects\GIS\Reprecincting 2012\Output\SF_DOE_precincts_2012.gdb\Boundaries\Precincts_Dist09,DIST_ID,-1,-1,O:\Precinct Services\Projects\GIS\Reprecincting 2012\Output\SF_DOE_precincts_2012.gdb\Boundaries\Precincts_Dist10,DIST_ID,-1,-1,O:\Precinct Services\Projects\GIS\Reprecincting 2012\Output\SF_DOE_precincts_2012.gdb\Boundaries\Precincts_Dist11,DIST_ID,-1,-1;DIST_NAME "DIST_NAME" true true false 254 Text 0 0 ,First,#,O:\Precinct Services\Projects\GIS\Reprecincting 2012\Output\SF_DOE_precincts_2012.gdb\Boundaries\Precincts_Dist01,DIST_NAME,-1,-1,O:\Precinct Services\Projects\GIS\Reprecincting 2012\Output\SF_DOE_precincts_2012.gdb\Boundaries\Precincts_Dist02,DIST_NAME,-1,-1,O:\Precinct Services\Projects\GIS\Reprecincting 2012\Output\SF_DOE_precincts_2012.gdb\Boundaries\Precincts_Dist03,DIST_NAME,-1,-1,O:\Precinct Services\Projects\GIS\Reprecincting 2012\Output\SF_DOE_precincts_2012.gdb\Boundaries\Precincts_Dist04,DIST_NAME,-1,-1,O:\Precinct Services\Projects\GIS\Reprecincting 2012\Output\SF_DOE_precincts_2012.gdb\Boundaries\Precincts_Dist05,DIST_NAME,-1,-1,O:\Precinct Services\Projects\GIS\Reprecincting 2012\Output\SF_DOE_precincts_2012.gdb\Boundaries\Precincts_Dist06,DIST_NAME,-1,-1,O:\Precinct Services\Projects\GIS\Reprecincting 2012\Output\SF_DOE_precincts_2012.gdb\Boundaries\Precincts_Dist07,DIST_NAME,-1,-1,O:\Precinct Services\Projects\GIS\Reprecincting 2012\Output\SF_DOE_precincts_2012.gdb\Boundaries\Precincts_Dist08,DIST_NAME,-1,-1,O:\Precinct Services\Projects\GIS\Reprecincting 2012\Output\SF_DOE_precincts_2012.gdb\Boundaries\Precincts_Dist09,DIST_NAME,-1,-1,O:\Precinct Services\Projects\GIS\Reprecincting 2012\Output\SF_DOE_precincts_2012.gdb\Boundaries\Precincts_Dist10,DIST_NAME,-1,-1,O:\Precinct Services\Projects\GIS\Reprecincting 2012\Output\SF_DOE_precincts_2012.gdb\Boundaries\Precincts_Dist11,DIST_NAME,-1,-1;SHAPE_Leng "SHAPE_Leng" true true false 8 Double 0 0 ,First,#,O:\Precinct Services\Projects\GIS\Reprecincting 2012\Output\SF_DOE_precincts_2012.gdb\Boundaries\Precincts_Dist01,SHAPE_Leng,-1,-1,O:\Precinct Services\Projects\GIS\Reprecincting 2012\Output\SF_DOE_precincts_2012.gdb\Boundaries\Precincts_Dist02,SHAPE_Leng,-1,-1,O:\Precinct Services\Projects\GIS\Reprecincting 2012\Output\SF_DOE_precincts_2012.gdb\Boundaries\Precincts_Dist03,SHAPE_Leng,-1,-1,O:\Precinct Services\Projects\GIS\Reprecincting 2012\Output\SF_DOE_precincts_2012.gdb\Boundaries\Precincts_Dist04,SHAPE_Leng,-1,-1,O:\Precinct Services\Projects\GIS\Reprecincting 2012\Output\SF_DOE_precincts_2012.gdb\Boundaries\Precincts_Dist05,SHAPE_Leng,-1,-1,O:\Precinct Services\Projects\GIS\Reprecincting 2012\Output\SF_DOE_precincts_2012.gdb\Boundaries\Precincts_Dist06,SHAPE_Leng,-1,-1,O:\Precinct Services\Projects\GIS\Reprecincting 2012\Output\SF_DOE_precincts_2012.gdb\Boundaries\Precincts_Dist07,SHAPE_Leng,-1,-1,O:\Precinct Services\Projects\GIS\Reprecincting 2012\Output\SF_DOE_precincts_2012.gdb\Boundaries\Precincts_Dist08,SHAPE_Leng,-1,-1,O:\Precinct Services\Projects\GIS\Reprecincting 2012\Output\SF_DOE_precincts_2012.gdb\Boundaries\Precincts_Dist09,SHAPE_Leng,-1,-1,O:\Precinct Services\Projects\GIS\Reprecincting 2012\Output\SF_DOE_precincts_2012.gdb\Boundaries\Precincts_Dist10,SHAPE_Leng,-1,-1,O:\Precinct Services\Projects\GIS\Reprecincting 2012\Output\SF_DOE_precincts_2012.gdb\Boundaries\Precincts_Dist11,SHAPE_Leng,-1,-1;Precinct "Precinct" true true false 30 Text 0 0 ,First,#,O:\Precinct Services\Projects\GIS\Reprecincting 2012\Output\SF_DOE_precincts_2012.gdb\Boundaries\Precincts_Dist01,Precinct,-1,-1,O:\Precinct Services\Projects\GIS\Reprecincting 2012\Output\SF_DOE_precincts_2012.gdb\Boundaries\Precincts_Dist02,Precinct,-1,-1,O:\Precinct Services\Projects\GIS\Reprecincting 2012\Output\SF_DOE_precincts_2012.gdb\Boundaries\Precincts_Dist03,Precinct,-1,-1,O:\Precinct Services\Projects\GIS\Reprecincting 2012\Output\SF_DOE_precincts_2012.gdb\Boundaries\Precincts_Dist04,Precinct,-1,-1,O:\Precinct Services\Projects\GIS\Reprecincting 2012\Output\SF_DOE_precincts_2012.gdb\Boundaries\Precincts_Dist05,Precinct,-1,-1,O:\Precinct Services\Projects\GIS\Reprecincting 2012\Output\SF_DOE_precincts_2012.gdb\Boundaries\Precincts_Dist06,Precinct,-1,-1,O:\Precinct Services\Projects\GIS\Reprecincting 2012\Output\SF_DOE_precincts_2012.gdb\Boundaries\Precincts_Dist07,Precinct,-1,-1,O:\Precinct Services\Projects\GIS\Reprecincting 2012\Output\SF_DOE_precincts_2012.gdb\Boundaries\Precincts_Dist08,Precinct,-1,-1,O:\Precinct Services\Projects\GIS\Reprecincting 2012\Output\SF_DOE_precincts_2012.gdb\Boundaries\Precincts_Dist09,Precinct,-1,-1,O:\Precinct Services\Projects\GIS\Reprecincting 2012\Output\SF_DOE_precincts_2012.gdb\Boundaries\Precincts_Dist10,Precinct,-1,-1,O:\Precinct Services\Projects\GIS\Reprecincting 2012\Output\SF_DOE_precincts_2012.gdb\Boundaries\Precincts_Dist11,Precinct,-1,-1;ALAND10 "ALAND10" true true false 8 Double 0 0 ,First,#,O:\Precinct Services\Projects\GIS\Reprecincting 2012\Output\SF_DOE_precincts_2012.gdb\Boundaries\Precincts_Dist01,ALAND10,-1,-1;VOTPERBLOC "VOTPERBLOC" true true false 8 Double 0 0 ,First,#,O:\Precinct Services\Projects\GIS\Reprecincting 2012\Output\SF_DOE_precincts_2012.gdb\Boundaries\Precincts_Dist01,VOTPERBLOC,-1,-1,O:\Precinct Services\Projects\GIS\Reprecincting 2012\Output\SF_DOE_precincts_2012.gdb\Boundaries\Precincts_Dist02,VOTPERBLOC,-1,-1,O:\Precinct Services\Projects\GIS\Reprecincting 2012\Output\SF_DOE_precincts_2012.gdb\Boundaries\Precincts_Dist03,VOTPERBLOC,-1,-1,O:\Precinct Services\Projects\GIS\Reprecincting 2012\Output\SF_DOE_precincts_2012.gdb\Boundaries\Precincts_Dist04,VOTPERBLOC,-1,-1,O:\Precinct Services\Projects\GIS\Reprecincting 2012\Output\SF_DOE_precincts_2012.gdb\Boundaries\Precincts_Dist05,VOTPERBLOC,-1,-1,O:\Precinct Services\Projects\GIS\Reprecincting 2012\Output\SF_DOE_precincts_2012.gdb\Boundaries\Precincts_Dist06,VOTPERBLOC,-1,-1,O:\Precinct Services\Projects\GIS\Reprecincting 2012\Output\SF_DOE_precincts_2012.gdb\Boundaries\Precincts_Dist07,VOTPERBLOC,-1,-1,O:\Precinct Services\Projects\GIS\Reprecincting 2012\Output\SF_DOE_precincts_2012.gdb\Boundaries\Precincts_Dist08,VOTPERBLOC,-1,-1,O:\Precinct Services\Projects\GIS\Reprecincting 2012\Output\SF_DOE_precincts_2012.gdb\Boundaries\Precincts_Dist09,VOTPERBLOC,-1,-1,O:\Precinct Services\Projects\GIS\Reprecincting 2012\Output\SF_DOE_precincts_2012.gdb\Boundaries\Precincts_Dist10,VOTPERBLOC,-1,-1,O:\Precinct Services\Projects\GIS\Reprecincting 2012\Output\SF_DOE_precincts_2012.gdb\Boundaries\Precincts_Dist11,VOTPERBLOC,-1,-1;DX_DEV "DX_DEV" true true false 8 Double 0 0 ,First,#,O:\Precinct Services\Projects\GIS\Reprecincting 2012\Output\SF_DOE_precincts_2012.gdb\Boundaries\Precincts_Dist01,DX_DEV,-1,-1,O:\Precinct Services\Projects\GIS\Reprecincting 2012\Output\SF_DOE_precincts_2012.gdb\Boundaries\Precincts_Dist02,DX_DEV,-1,-1,O:\Precinct Services\Projects\GIS\Reprecincting 2012\Output\SF_DOE_precincts_2012.gdb\Boundaries\Precincts_Dist03,DX_DEV,-1,-1,O:\Precinct Services\Projects\GIS\Reprecincting 2012\Output\SF_DOE_precincts_2012.gdb\Boundaries\Precincts_Dist04,DX_DEV,-1,-1,O:\Precinct Services\Projects\GIS\Reprecincting 2012\Output\SF_DOE_precincts_2012.gdb\Boundaries\Precincts_Dist05,DX_DEV,-1,-1,O:\Precinct Services\Projects\GIS\Reprecincting 2012\Output\SF_DOE_precincts_2012.gdb\Boundaries\Precincts_Dist06,DX_DEV,-1,-1,O:\Precinct Services\Projects\GIS\Reprecincting 2012\Output\SF_DOE_precincts_2012.gdb\Boundaries\Precincts_Dist07,DX_DEV,-1,-1,O:\Precinct Services\Projects\GIS\Reprecincting 2012\Output\SF_DOE_precincts_2012.gdb\Boundaries\Precincts_Dist08,DX_DEV,-1,-1,O:\Precinct Services\Projects\GIS\Reprecincting 2012\Output\SF_DOE_precincts_2012.gdb\Boundaries\Precincts_Dist09,DX_DEV,-1,-1,O:\Precinct Services\Projects\GIS\Reprecincting 2012\Output\SF_DOE_precincts_2012.gdb\Boundaries\Precincts_Dist10,DX_DEV,-1,-1,O:\Precinct Services\Projects\GIS\Reprecincting 2012\Output\SF_DOE_precincts_2012.gdb\Boundaries\Precincts_Dist11,DX_DEV,-1,-1;VOTPERBLO1 "VOTPERBLO1" true true false 8 Double 0 0 ,First,#,O:\Precinct Services\Projects\GIS\Reprecincting 2012\Output\SF_DOE_precincts_2012.gdb\Boundaries\Precincts_Dist01,VOTPERBLO1,-1,-1,O:\Precinct Services\Projects\GIS\Reprecincting 2012\Output\SF_DOE_precincts_2012.gdb\Boundaries\Precincts_Dist02,VOTPERBLO1,-1,-1,O:\Precinct Services\Projects\GIS\Reprecincting 2012\Output\SF_DOE_precincts_2012.gdb\Boundaries\Precincts_Dist03,VOTPERBLO1,-1,-1,O:\Precinct Services\Projects\GIS\Reprecincting 2012\Output\SF_DOE_precincts_2012.gdb\Boundaries\Precincts_Dist04,VOTPERBLO1,-1,-1,O:\Precinct Services\Projects\GIS\Reprecincting 2012\Output\SF_DOE_precincts_2012.gdb\Boundaries\Precincts_Dist05,VOTPERBLO1,-1,-1,O:\Precinct Services\Projects\GIS\Reprecincting 2012\Output\SF_DOE_precincts_2012.gdb\Boundaries\Precincts_Dist06,VOTPERBLO1,-1,-1,O:\Precinct Services\Projects\GIS\Reprecincting 2012\Output\SF_DOE_precincts_2012.gdb\Boundaries\Precincts_Dist07,VOTPERBLO1,-1,-1,O:\Precinct Services\Projects\GIS\Reprecincting 2012\Output\SF_DOE_precincts_2012.gdb\Boundaries\Precincts_Dist08,VOTPERBLO1,-1,-1,O:\Precinct Services\Projects\GIS\Reprecincting 2012\Output\SF_DOE_precincts_2012.gdb\Boundaries\Precincts_Dist09,VOTPERBLO1,-1,-1,O:\Precinct Services\Projects\GIS\Reprecincting 2012\Output\SF_DOE_precincts_2012.gdb\Boundaries\Precincts_Dist10,VOTPERBLO1,-1,-1,O:\Precinct Services\Projects\GIS\Reprecincting 2012\Output\SF_DOE_precincts_2012.gdb\Boundaries\Precincts_Dist11,VOTPERBLO1,-1,-1;Precinct_N "Precinct_N" true true false 50 Text 0 0 ,First,#,O:\Precinct Services\Projects\GIS\Reprecincting 2012\Output\SF_DOE_precincts_2012.gdb\Boundaries\Precincts_Dist01,Precinct_N,-1,-1,O:\Precinct Services\Projects\GIS\Reprecincting 2012\Output\SF_DOE_precincts_2012.gdb\Boundaries\Precincts_Dist02,Precinct_N,-1,-1,O:\Precinct Services\Projects\GIS\Reprecincting 2012\Output\SF_DOE_precincts_2012.gdb\Boundaries\Precincts_Dist03,Precinct_N,-1,-1,O:\Precinct Services\Projects\GIS\Reprecincting 2012\Output\SF_DOE_precincts_2012.gdb\Boundaries\Precincts_Dist04,Precinct_N,-1,-1,O:\Precinct Services\Projects\GIS\Reprecincting 2012\Output\SF_DOE_precincts_2012.gdb\Boundaries\Precincts_Dist05,Precinct_N,-1,-1,O:\Precinct Services\Projects\GIS\Reprecincting 2012\Output\SF_DOE_precincts_2012.gdb\Boundaries\Precincts_Dist06,Precinct_N,-1,-1,O:\Precinct Services\Projects\GIS\Reprecincting 2012\Output\SF_DOE_precincts_2012.gdb\Boundaries\Precincts_Dist07,Precinct_N,-1,-1,O:\Precinct Services\Projects\GIS\Reprecincting 2012\Output\SF_DOE_precincts_2012.gdb\Boundaries\Precincts_Dist08,Precinct_N,-1,-1,O:\Precinct Services\Projects\GIS\Reprecincting 2012\Output\SF_DOE_precincts_2012.gdb\Boundaries\Precincts_Dist09,Precinct_N,-1,-1,O:\Precinct Services\Projects\GIS\Reprecincting 2012\Output\SF_DOE_precincts_2012.gdb\Boundaries\Precincts_Dist10,Precinct_N,-1,-1,O:\Precinct Services\Projects\GIS\Reprecincting 2012\Output\SF_DOE_precincts_2012.gdb\Boundaries\Precincts_Dist11,Precinct_N,-1,-1;SupDist "SupDist" true true false 10 Text 0 0 ,First,#,O:\Precinct Services\Projects\GIS\Reprecincting 2012\Output\SF_DOE_precincts_2012.gdb\Boundaries\Precincts_Dist01,SupDist,-1,-1,O:\Precinct Services\Projects\GIS\Reprecincting 2012\Output\SF_DOE_precincts_2012.gdb\Boundaries\Precincts_Dist02,SupDist,-1,-1,O:\Precinct Services\Projects\GIS\Reprecincting 2012\Output\SF_DOE_precincts_2012.gdb\Boundaries\Precincts_Dist03,SupDist,-1,-1,O:\Precinct Services\Projects\GIS\Reprecincting 2012\Output\SF_DOE_precincts_2012.gdb\Boundaries\Precincts_Dist04,SupDist,-1,-1,O:\Precinct Services\Projects\GIS\Reprecincting 2012\Output\SF_DOE_precincts_2012.gdb\Boundaries\Precincts_Dist05,SupDist,-1,-1,O:\Precinct Services\Projects\GIS\Reprecincting 2012\Output\SF_DOE_precincts_2012.gdb\Boundaries\Precincts_Dist06,SupDist,-1,-1,O:\Precinct Services\Projects\GIS\Reprecincting 2012\Output\SF_DOE_precincts_2012.gdb\Boundaries\Precincts_Dist07,SupDist,-1,-1,O:\Precinct Services\Projects\GIS\Reprecincting 2012\Output\SF_DOE_precincts_2012.gdb\Boundaries\Precincts_Dist08,SupDist,-1,-1,O:\Precinct Services\Projects\GIS\Reprecincting 2012\Output\SF_DOE_precincts_2012.gdb\Boundaries\Precincts_Dist09,SupDist,-1,-1,O:\Precinct Services\Projects\GIS\Reprecincting 2012\Output\SF_DOE_precincts_2012.gdb\Boundaries\Precincts_Dist10,SupDist,-1,-1;Shape_Length "Shape_Length" false true true 8 Double 0 0 ,First,#,O:\Precinct Services\Projects\GIS\Reprecincting 2012\Output\SF_DOE_precincts_2012.gdb\Boundaries\Precincts_Dist01,Shape_Length,-1,-1,O:\Precinct Services\Projects\GIS\Reprecincting 2012\Output\SF_DOE_precincts_2012.gdb\Boundaries\Precincts_Dist02,Shape_Length,-1,-1,O:\Precinct Services\Projects\GIS\Reprecincting 2012\Output\SF_DOE_precincts_2012.gdb\Boundaries\Precincts_Dist03,Shape_Length,-1,-1,O:\Precinct Services\Projects\GIS\Reprecincting 2012\Output\SF_DOE_precincts_2012.gdb\Boundaries\Precincts_Dist04,Shape_Length,-1,-1,O:\Precinct Services\Projects\GIS\Reprecincting 2012\Output\SF_DOE_precincts_2012.gdb\Boundaries\Precincts_Dist05,Shape_Length,-1,-1,O:\Precinct Services\Projects\GIS\Reprecincting 2012\Output\SF_DOE_precincts_2012.gdb\Boundaries\Precincts_Dist06,Shape_Length,-1,-1,O:\Precinct Services\Projects\GIS\Reprecincting 2012\Output\SF_DOE_precincts_2012.gdb\Boundaries\Precincts_Dist07,Shape_Length,-1,-1,O:\Precinct Services\Projects\GIS\Reprecincting 2012\Output\SF_DOE_precincts_2012.gdb\Boundaries\Precincts_Dist08,Shape_Length,-1,-1,O:\Precinct Services\Projects\GIS\Reprecincting 2012\Output\SF_DOE_precincts_2012.gdb\Boundaries\Precincts_Dist09,Shape_Length,-1,-1,O:\Precinct Services\Projects\GIS\Reprecincting 2012\Output\SF_DOE_precincts_2012.gdb\Boundaries\Precincts_Dist10,Shape_Length,-1,-1,O:\Precinct Services\Projects\GIS\Reprecincting 2012\Output\SF_DOE_precincts_2012.gdb\Boundaries\Precincts_Dist11,Shape_Length,-1,-1;Shape_Area "Shape_Area" false true true 8 Double 0 0 ,First,#,O:\Precinct Services\Projects\GIS\Reprecincting 2012\Output\SF_DOE_precincts_2012.gdb\Boundaries\Precincts_Dist01,Shape_Area,-1,-1,O:\Precinct Services\Projects\GIS\Reprecincting 2012\Output\SF_DOE_precincts_2012.gdb\Boundaries\Precincts_Dist02,Shape_Area,-1,-1,O:\Precinct Services\Projects\GIS\Reprecincting 2012\Output\SF_DOE_precincts_2012.gdb\Boundaries\Precincts_Dist03,Shape_Area,-1,-1,O:\Precinct Services\Projects\GIS\Reprecincting 2012\Output\SF_DOE_precincts_2012.gdb\Boundaries\Precincts_Dist04,Shape_Area,-1,-1,O:\Precinct Services\Projects\GIS\Reprecincting 2012\Output\SF_DOE_precincts_2012.gdb\Boundaries\Precincts_Dist05,Shape_Area,-1,-1,O:\Precinct Services\Projects\GIS\Reprecincting 2012\Output\SF_DOE_precincts_2012.gdb\Boundaries\Precincts_Dist06,Shape_Area,-1,-1,O:\Precinct Services\Projects\GIS\Reprecincting 2012\Output\SF_DOE_precincts_2012.gdb\Boundaries\Precincts_Dist07,Shape_Area,-1,-1,O:\Precinct Services\Projects\GIS\Reprecincting 2012\Output\SF_DOE_precincts_2012.gdb\Boundaries\Precincts_Dist08,Shape_Area,-1,-1,O:\Precinct Services\Projects\GIS\Reprecincting 2012\Output\SF_DOE_precincts_2012.gdb\Boundaries\Precincts_Dist09,Shape_Area,-1,-1,O:\Precinct Services\Projects\GIS\Reprecincting 2012\Output\SF_DOE_precincts_2012.gdb\Boundaries\Precincts_Dist10,Shape_Area,-1,-1,O:\Precinct Services\Projects\GIS\Reprecincting 2012\Output\SF_DOE_precincts_2012.gdb\Boundaries\Precincts_Dist11,Shape_Area,-1,-1"</Process><Process ToolSource="C:\Program Files (x86)\ArcGIS\Desktop10.0\ArcToolbox\Toolboxes\Data Management Tools.tbx\CalculateField" Date="20120524" Time="142445">CalculateField Precincts_v1 SupDist 11 VB #</Process><Process ToolSource="C:\Program Files (x86)\ArcGIS\Desktop10.0\ArcToolbox\Toolboxes\Data Management Tools.tbx\CalculateField" Date="20120524" Time="180229">CalculateField Precincts_v2 BARTDist 7 VB #</Process><Process ToolSource="C:\Program Files (x86)\ArcGIS\Desktop10.0\ArcToolbox\Toolboxes\Data Management Tools.tbx\CalculateField" Date="20120524" Time="180305">CalculateField Precincts_v2 BARTDist 8 VB #</Process><Process ToolSource="C:\Program Files (x86)\ArcGIS\Desktop10.0\ArcToolbox\Toolboxes\Data Management Tools.tbx\CalculateField" Date="20120524" Time="180426">CalculateField Precincts_v2 BARTDist 9 VB #</Process><Process ToolSource="C:\Program Files (x86)\ArcGIS\Desktop10.0\ArcToolbox\Toolboxes\Data Management Tools.tbx\CalculateField" Date="20120524" Time="180620">CalculateField Precincts_v2 AssemDist 17 VB #</Process><Process ToolSource="C:\Program Files (x86)\ArcGIS\Desktop10.0\ArcToolbox\Toolboxes\Data Management Tools.tbx\CalculateField" Date="20120524" Time="180645">CalculateField Precincts_v2 AssemDist 19 VB #</Process><Process ToolSource="C:\Program Files (x86)\ArcGIS\Desktop10.0\ArcToolbox\Toolboxes\Data Management Tools.tbx\CalculateField" Date="20120524" Time="180729">CalculateField Precincts_v2 CongDist 14 VB #</Process><Process ToolSource="C:\Program Files (x86)\ArcGIS\Desktop10.0\ArcToolbox\Toolboxes\Data Management Tools.tbx\CalculateField" Date="20120524" Time="180755">CalculateField Precincts_v2 CongDist 12 VB #</Process><Process ToolSource="C:\Program Files (x86)\ArcGIS\Desktop10.0\ArcToolbox\Toolboxes\Data Management Tools.tbx\CalculateField" Date="20120524" Time="180925">CalculateField Precincts_v2 CongDist "" VB #</Process><Process ToolSource="C:\Program Files (x86)\ArcGIS\Desktop10.0\ArcToolbox\Toolboxes\Data Management Tools.tbx\CalculateField" Date="20120524" Time="181001">CalculateField Precincts_v2 CongDist "13" VB #</Process><Process ToolSource="C:\Program Files (x86)\ArcGIS\Desktop10.0\ArcToolbox\Toolboxes\Data Management Tools.tbx\CalculateField" Date="20120524" Time="181126">CalculateField Precincts_v2 SupDist "" VB #</Process><Process ToolSource="C:\Program Files (x86)\ArcGIS\Desktop10.0\ArcToolbox\Toolboxes\Data Management Tools.tbx\CalculateField" Date="20120525" Time="124013">CalculateField Precincts_v2 NeighRep "SUNSET" VB #</Process><Process ToolSource="C:\Program Files (x86)\ArcGIS\Desktop10.0\ArcToolbox\Toolboxes\Data Management Tools.tbx\CalculateField" Date="20120525" Time="124037">CalculateField Precincts_v2 NeighRep "INNER SUNSET" VB #</Process><Process ToolSource="C:\Program Files (x86)\ArcGIS\Desktop10.0\ArcToolbox\Toolboxes\Data Management Tools.tbx\CalculateField" Date="20120525" Time="124126">CalculateField Precincts_v2 NeighRep "W TWIN PKS" VB #</Process><Process ToolSource="C:\Program Files (x86)\ArcGIS\Desktop10.0\ArcToolbox\Toolboxes\Data Management Tools.tbx\CalculateField" Date="20120525" Time="124147">CalculateField Precincts_v2 NeighRep "LAKE MERCED" VB #</Process><Process ToolSource="C:\Program Files (x86)\ArcGIS\Desktop10.0\ArcToolbox\Toolboxes\Data Management Tools.tbx\CalculateField" Date="20120525" Time="124228">CalculateField Precincts_v2 NeighRep "INGLESIDE" VB #</Process><Process ToolSource="C:\Program Files (x86)\ArcGIS\Desktop10.0\ArcToolbox\Toolboxes\Data Management Tools.tbx\CalculateField" Date="20120525" Time="124246">CalculateField Precincts_v2 NeighRep "W TWIN PKS" VB #</Process><Process ToolSource="C:\Program Files (x86)\ArcGIS\Desktop10.0\ArcToolbox\Toolboxes\Data Management Tools.tbx\CalculateField" Date="20120525" Time="124342">CalculateField Precincts_v2 NeighRep "EXCELSIOR" VB #</Process><Process ToolSource="C:\Program Files (x86)\ArcGIS\Desktop10.0\ArcToolbox\Toolboxes\Data Management Tools.tbx\CalculateField" Date="20120525" Time="124413">CalculateField Precincts_v2 NeighRep "VISITA VLY" VB #</Process><Process ToolSource="C:\Program Files (x86)\ArcGIS\Desktop10.0\ArcToolbox\Toolboxes\Data Management Tools.tbx\CalculateField" Date="20120525" Time="124501">CalculateField Precincts_v2 NeighRep "BAYVW/HTRSPT" VB #</Process><Process ToolSource="C:\Program Files (x86)\ArcGIS\Desktop10.0\ArcToolbox\Toolboxes\Data Management Tools.tbx\CalculateField" Date="20120525" Time="124654">CalculateField Precincts_v2 NeighRep "POTRERO HILL" VB #</Process><Process ToolSource="C:\Program Files (x86)\ArcGIS\Desktop10.0\ArcToolbox\Toolboxes\Data Management Tools.tbx\CalculateField" Date="20120525" Time="124730">CalculateField Precincts_v2 NeighRep "PORTOLA" VB #</Process><Process ToolSource="C:\Program Files (x86)\ArcGIS\Desktop10.0\ArcToolbox\Toolboxes\Data Management Tools.tbx\CalculateField" Date="20120525" Time="124806">CalculateField Precincts_v2 NeighRep "S BERNAL HTS" VB #</Process><Process ToolSource="C:\Program Files (x86)\ArcGIS\Desktop10.0\ArcToolbox\Toolboxes\Data Management Tools.tbx\CalculateField" Date="20120525" Time="124829">CalculateField Precincts_v2 NeighRep "DIAMD HTS" VB #</Process><Process ToolSource="C:\Program Files (x86)\ArcGIS\Desktop10.0\ArcToolbox\Toolboxes\Data Management Tools.tbx\CalculateField" Date="20120525" Time="124902">CalculateField Precincts_v2 NeighRep "N BERNAL HTS" VB #</Process><Process ToolSource="C:\Program Files (x86)\ArcGIS\Desktop10.0\ArcToolbox\Toolboxes\Data Management Tools.tbx\CalculateField" Date="20120525" Time="124940">CalculateField Precincts_v2 NeighRep "NOE VALLEY" VB #</Process><Process ToolSource="C:\Program Files (x86)\ArcGIS\Desktop10.0\ArcToolbox\Toolboxes\Data Management Tools.tbx\CalculateField" Date="20120525" Time="125024">CalculateField Precincts_v2 NeighRep "MISSION" VB #</Process><Process ToolSource="C:\Program Files (x86)\ArcGIS\Desktop10.0\ArcToolbox\Toolboxes\Data Management Tools.tbx\CalculateField" Date="20120525" Time="125100">CalculateField Precincts_v2 NeighRep "UPRMKT/EURKA" VB #</Process><Process ToolSource="C:\Program Files (x86)\ArcGIS\Desktop10.0\ArcToolbox\Toolboxes\Data Management Tools.tbx\CalculateField" Date="20120525" Time="125129">CalculateField Precincts_v2 NeighRep "HAIGHT ASH" VB #</Process><Process ToolSource="C:\Program Files (x86)\ArcGIS\Desktop10.0\ArcToolbox\Toolboxes\Data Management Tools.tbx\CalculateField" Date="20120525" Time="125211">CalculateField Precincts_v2 NeighRep "WST ADDITION" VB #</Process><Process ToolSource="C:\Program Files (x86)\ArcGIS\Desktop10.0\ArcToolbox\Toolboxes\Data Management Tools.tbx\CalculateField" Date="20120525" Time="125221">CalculateField Precincts_v2 NeighRep "WST ADDITION" VB #</Process><Process ToolSource="C:\Program Files (x86)\ArcGIS\Desktop10.0\ArcToolbox\Toolboxes\Data Management Tools.tbx\CalculateField" Date="20120525" Time="125239">CalculateField Precincts_v2 NeighRep "HAIGHT ASH" VB #</Process><Process ToolSource="C:\Program Files (x86)\ArcGIS\Desktop10.0\ArcToolbox\Toolboxes\Data Management Tools.tbx\CalculateField" Date="20120525" Time="125327">CalculateField Precincts_v2 NeighRep "RICHMOND" VB #</Process><Process ToolSource="C:\Program Files (x86)\ArcGIS\Desktop10.0\ArcToolbox\Toolboxes\Data Management Tools.tbx\CalculateField" Date="20120525" Time="125354">CalculateField Precincts_v2 NeighRep "LRL HTS/ANZA" VB #</Process><Process ToolSource="C:\Program Files (x86)\ArcGIS\Desktop10.0\ArcToolbox\Toolboxes\Data Management Tools.tbx\CalculateField" Date="20120525" Time="125421">CalculateField Precincts_v2 NeighRep "SECLF/PREHTS" VB #</Process><Process ToolSource="C:\Program Files (x86)\ArcGIS\Desktop10.0\ArcToolbox\Toolboxes\Data Management Tools.tbx\CalculateField" Date="20120525" Time="125500">CalculateField Precincts_v2 NeighRep "MAR/PAC HTS" VB #</Process><Process ToolSource="C:\Program Files (x86)\ArcGIS\Desktop10.0\ArcToolbox\Toolboxes\Data Management Tools.tbx\CalculateField" Date="20120525" Time="125528">CalculateField Precincts_v2 NeighRep "SOMA" VB #</Process><Process ToolSource="C:\Program Files (x86)\ArcGIS\Desktop10.0\ArcToolbox\Toolboxes\Data Management Tools.tbx\CalculateField" Date="20120525" Time="125604">CalculateField Precincts_v2 NeighRep "CVC CTR/DWTN" VB #</Process><Process ToolSource="C:\Program Files (x86)\ArcGIS\Desktop10.0\ArcToolbox\Toolboxes\Data Management Tools.tbx\CalculateField" Date="20120525" Time="125637">CalculateField Precincts_v2 NeighRep "CHINA" VB #</Process><Process ToolSource="C:\Program Files (x86)\ArcGIS\Desktop10.0\ArcToolbox\Toolboxes\Data Management Tools.tbx\CalculateField" Date="20120525" Time="125650">CalculateField Precincts_v2 NeighRep "CHINA" VB #</Process><Process ToolSource="C:\Program Files (x86)\ArcGIS\Desktop10.0\ArcToolbox\Toolboxes\Data Management Tools.tbx\CalculateField" Date="20120525" Time="125725">CalculateField Precincts_v2 NeighRep "N EMBRCDRO" VB #</Process><Process ToolSource="C:\Program Files (x86)\ArcGIS\Desktop10.0\ArcToolbox\Toolboxes\Data Management Tools.tbx\CalculateField" Date="20120525" Time="125910">CalculateField Precincts_v2 NeighRep "NA" VB #</Process><Process ToolSource="C:\Program Files (x86)\ArcGIS\Desktop10.0\ArcToolbox\Toolboxes\Data Management Tools.tbx\CalculateField" Date="20120525" Time="125934">CalculateField Precincts_v2 BARTDist "" VB #</Process><Process ToolSource="C:\Program Files (x86)\ArcGIS\Desktop10.0\ArcToolbox\Toolboxes\Data Management Tools.tbx\CalculateField" Date="20120525" Time="155313">CalculateField SF_DOE_Precincts_201205 PREC_2012 [Precinct_N] VB #</Process><Process ToolSource="C:\Program Files (x86)\ArcGIS\Desktop10.0\ArcToolbox\Toolboxes\Data Management Tools.tbx\CalculateField" Date="20120525" Time="165417">CalculateField SF_DOE_Precincts_201205 PREC_2010 9205 VB #</Process><Process ToolSource="C:\Program Files (x86)\ArcGIS\Desktop10.0\ArcToolbox\Toolboxes\Data Management Tools.tbx\CalculateField" Date="20120525" Time="165612">CalculateField SF_DOE_Precincts_201205 PREC_2010 2217 VB #</Process><Process ToolSource="C:\Program Files (x86)\ArcGIS\Desktop10.0\ArcToolbox\Toolboxes\Data Management Tools.tbx\CalculateField" Date="20120525" Time="165724">CalculateField SF_DOE_Precincts_201205 PREC_2010 3302 VB #</Process><Process ToolSource="C:\Program Files (x86)\ArcGIS\Desktop10.0\ArcToolbox\Toolboxes\Data Management Tools.tbx\CalculateField" Date="20120525" Time="165745">CalculateField SF_DOE_Precincts_201205 PREC_2010 3345 VB #</Process><Process ToolSource="C:\Program Files (x86)\ArcGIS\Desktop10.0\ArcToolbox\Toolboxes\Data Management Tools.tbx\CalculateField" Date="20120525" Time="165824">CalculateField SF_DOE_Precincts_201205 PREC_2010 3338 VB #</Process><Process ToolSource="C:\Program Files (x86)\ArcGIS\Desktop10.0\ArcToolbox\Toolboxes\Data Management Tools.tbx\CalculateField" Date="20120525" Time="165913">CalculateField SF_DOE_Precincts_201205 PREC_2010 3333 VB #</Process><Process ToolSource="C:\Program Files (x86)\ArcGIS\Desktop10.0\ArcToolbox\Toolboxes\Data Management Tools.tbx\CalculateField" Date="20120525" Time="170006">CalculateField SF_DOE_Precincts_201205 PREC_2010 3326 VB #</Process><Process ToolSource="C:\Program Files (x86)\ArcGIS\Desktop10.0\ArcToolbox\Toolboxes\Data Management Tools.tbx\CalculateField" Date="20120525" Time="170023">CalculateField SF_DOE_Precincts_201205 PREC_2010 3343 VB #</Process><Process ToolSource="C:\Program Files (x86)\ArcGIS\Desktop10.0\ArcToolbox\Toolboxes\Data Management Tools.tbx\CalculateField" Date="20120525" Time="170101">CalculateField SF_DOE_Precincts_201205 PREC_2010 2505 VB #</Process><Process ToolSource="C:\Program Files (x86)\ArcGIS\Desktop10.0\ArcToolbox\Toolboxes\Data Management Tools.tbx\CalculateField" Date="20120525" Time="170137">CalculateField SF_DOE_Precincts_201205 PREC_2010 2409 VB #</Process><Process ToolSource="C:\Program Files (x86)\ArcGIS\Desktop10.0\ArcToolbox\Toolboxes\Data Management Tools.tbx\CalculateField" Date="20120525" Time="170159">CalculateField SF_DOE_Precincts_201205 PREC_2010 2416 VB #</Process><Process ToolSource="C:\Program Files (x86)\ArcGIS\Desktop10.0\ArcToolbox\Toolboxes\Data Management Tools.tbx\CalculateField" Date="20120525" Time="170219">CalculateField SF_DOE_Precincts_201205 PREC_2010 3504 VB #</Process><Process ToolSource="C:\Program Files (x86)\ArcGIS\Desktop10.0\ArcToolbox\Toolboxes\Data Management Tools.tbx\CalculateField" Date="20120525" Time="170255">CalculateField SF_DOE_Precincts_201205 PREC_2010 3501 VB #</Process><Process ToolSource="C:\Program Files (x86)\ArcGIS\Desktop10.0\ArcToolbox\Toolboxes\Data Management Tools.tbx\CalculateField" Date="20120525" Time="170329">CalculateField SF_DOE_Precincts_201205 PREC_2010 3501 VB #</Process><Process ToolSource="C:\Program Files (x86)\ArcGIS\Desktop10.0\ArcToolbox\Toolboxes\Data Management Tools.tbx\CalculateField" Date="20120525" Time="170346">CalculateField SF_DOE_Precincts_201205 PREC_2010 3243 VB #</Process><Process ToolSource="C:\Program Files (x86)\ArcGIS\Desktop10.0\ArcToolbox\Toolboxes\Data Management Tools.tbx\CalculateField" Date="20120525" Time="170427">CalculateField SF_DOE_Precincts_201205 PREC_2010 3512 VB #</Process><Process ToolSource="C:\Program Files (x86)\ArcGIS\Desktop10.0\ArcToolbox\Toolboxes\Data Management Tools.tbx\CalculateField" Date="20120525" Time="170450">CalculateField SF_DOE_Precincts_201205 PREC_2010 3533 VB #</Process><Process ToolSource="C:\Program Files (x86)\ArcGIS\Desktop10.0\ArcToolbox\Toolboxes\Data Management Tools.tbx\CalculateField" Date="20120525" Time="170519">CalculateField SF_DOE_Precincts_201205 PREC_2010 3602 VB #</Process><Process ToolSource="C:\Program Files (x86)\ArcGIS\Desktop10.0\ArcToolbox\Toolboxes\Data Management Tools.tbx\CalculateField" Date="20120525" Time="170539">CalculateField SF_DOE_Precincts_201205 PREC_2010 3651 VB #</Process><Process ToolSource="C:\Program Files (x86)\ArcGIS\Desktop10.0\ArcToolbox\Toolboxes\Data Management Tools.tbx\CalculateField" Date="20120525" Time="170616">CalculateField SF_DOE_Precincts_201205 PREC_2010 3654 VB #</Process><Process ToolSource="C:\Program Files (x86)\ArcGIS\Desktop10.0\ArcToolbox\Toolboxes\Data Management Tools.tbx\CalculateField" Date="20120525" Time="170641">CalculateField SF_DOE_Precincts_201205 PREC_2010 3639 VB #</Process><Process ToolSource="C:\Program Files (x86)\ArcGIS\Desktop10.0\ArcToolbox\Toolboxes\Data Management Tools.tbx\CalculateField" Date="20120525" Time="170706">CalculateField SF_DOE_Precincts_201205 PREC_2010 3634 VB #</Process><Process ToolSource="C:\Program Files (x86)\ArcGIS\Desktop10.0\ArcToolbox\Toolboxes\Data Management Tools.tbx\CalculateField" Date="20120525" Time="170723">CalculateField SF_DOE_Precincts_201205 PREC_2010 3625 VB #</Process><Process ToolSource="C:\Program Files (x86)\ArcGIS\Desktop10.0\ArcToolbox\Toolboxes\Data Management Tools.tbx\CalculateField" Date="20120525" Time="170741">CalculateField SF_DOE_Precincts_201205 PREC_2010 3657 VB #</Process><Process ToolSource="C:\Program Files (x86)\ArcGIS\Desktop10.0\ArcToolbox\Toolboxes\Data Management Tools.tbx\CalculateField" Date="20120525" Time="170815">CalculateField SF_DOE_Precincts_201205 PREC_2010 3638 VB #</Process><Process ToolSource="C:\Program Files (x86)\ArcGIS\Desktop10.0\ArcToolbox\Toolboxes\Data Management Tools.tbx\CalculateField" Date="20120525" Time="170838">CalculateField SF_DOE_Precincts_201205 PREC_2010 1101 VB #</Process><Process ToolSource="C:\Program Files (x86)\ArcGIS\Desktop10.0\ArcToolbox\Toolboxes\Data Management Tools.tbx\CalculateField" Date="20120525" Time="170859">CalculateField SF_DOE_Precincts_201205 PREC_2010 2743 VB #</Process><Process ToolSource="C:\Program Files (x86)\ArcGIS\Desktop10.0\ArcToolbox\Toolboxes\Data Management Tools.tbx\CalculateField" Date="20120525" Time="170931">CalculateField SF_DOE_Precincts_201205 PREC_2010 2706 VB #</Process><Process ToolSource="C:\Program Files (x86)\ArcGIS\Desktop10.0\ArcToolbox\Toolboxes\Data Management Tools.tbx\CalculateField" Date="20120525" Time="170946">CalculateField SF_DOE_Precincts_201205 PREC_2010 2728 VB #</Process><Process ToolSource="C:\Program Files (x86)\ArcGIS\Desktop10.0\ArcToolbox\Toolboxes\Data Management Tools.tbx\CalculateField" Date="20120525" Time="171007">CalculateField SF_DOE_Precincts_201205 PREC_2010 3823 VB #</Process><Process ToolSource="C:\Program Files (x86)\ArcGIS\Desktop10.0\ArcToolbox\Toolboxes\Data Management Tools.tbx\CalculateField" Date="20120525" Time="171043">CalculateField SF_DOE_Precincts_201205 PREC_2010 3858 VB #</Process><Process ToolSource="C:\Program Files (x86)\ArcGIS\Desktop10.0\ArcToolbox\Toolboxes\Data Management Tools.tbx\CalculateField" Date="20120525" Time="171107">CalculateField SF_DOE_Precincts_201205 PREC_2010 1102 VB #</Process><Process ToolSource="C:\Program Files (x86)\ArcGIS\Desktop10.0\ArcToolbox\Toolboxes\Data Management Tools.tbx\CalculateField" Date="20120525" Time="171129">CalculateField SF_DOE_Precincts_201205 PREC_2010 3809 VB #</Process><Process ToolSource="C:\Program Files (x86)\ArcGIS\Desktop10.0\ArcToolbox\Toolboxes\Data Management Tools.tbx\CalculateField" Date="20120525" Time="171220">CalculateField SF_DOE_Precincts_201205 PREC_2010 3823 VB #</Process><Process ToolSource="C:\Program Files (x86)\ArcGIS\Desktop10.0\ArcToolbox\Toolboxes\Data Management Tools.tbx\CalculateField" Date="20120525" Time="171240">CalculateField SF_DOE_Precincts_201205 PREC_2010 3855 VB #</Process><Process ToolSource="C:\Program Files (x86)\ArcGIS\Desktop10.0\ArcToolbox\Toolboxes\Data Management Tools.tbx\CalculateField" Date="20120525" Time="171300">CalculateField SF_DOE_Precincts_201205 PREC_2010 3859 VB #</Process><Process ToolSource="C:\Program Files (x86)\ArcGIS\Desktop10.0\ArcToolbox\Toolboxes\Data Management Tools.tbx\CalculateField" Date="20120525" Time="171321">CalculateField SF_DOE_Precincts_201205 PREC_2010 1102 VB #</Process><Process ToolSource="C:\Program Files (x86)\ArcGIS\Desktop10.0\ArcToolbox\Toolboxes\Data Management Tools.tbx\CalculateField" Date="20120525" Time="171343">CalculateField SF_DOE_Precincts_201205 PREC_2010 3935 VB #</Process><Process ToolSource="C:\Program Files (x86)\ArcGIS\Desktop10.0\ArcToolbox\Toolboxes\Data Management Tools.tbx\CalculateField" Date="20120525" Time="171406">CalculateField SF_DOE_Precincts_201205 PREC_2010 3833 VB #</Process><Process ToolSource="C:\Program Files (x86)\ArcGIS\Desktop10.0\ArcToolbox\Toolboxes\Data Management Tools.tbx\CalculateField" Date="20120525" Time="171431">CalculateField SF_DOE_Precincts_201205 PREC_2010 3913 VB #</Process><Process ToolSource="C:\Program Files (x86)\ArcGIS\Desktop10.0\ArcToolbox\Toolboxes\Data Management Tools.tbx\CalculateField" Date="20120525" Time="171530">CalculateField SF_DOE_Precincts_201205 PREC_2010 3906 VB #</Process><Process ToolSource="C:\Program Files (x86)\ArcGIS\Desktop10.0\ArcToolbox\Toolboxes\Data Management Tools.tbx\CalculateField" Date="20120525" Time="171544">CalculateField SF_DOE_Precincts_201205 PREC_2010 2004 VB #</Process><Process ToolSource="C:\Program Files (x86)\ArcGIS\Desktop10.0\ArcToolbox\Toolboxes\Data Management Tools.tbx\CalculateField" Date="20120525" Time="171557">CalculateField SF_DOE_Precincts_201205 PREC_2010 2001 VB #</Process><Process ToolSource="C:\Program Files (x86)\ArcGIS\Desktop10.0\ArcToolbox\Toolboxes\Data Management Tools.tbx\CalculateField" Date="20120525" Time="171610">CalculateField SF_DOE_Precincts_201205 PREC_2010 3012 VB #</Process><Process ToolSource="C:\Program Files (x86)\ArcGIS\Desktop10.0\ArcToolbox\Toolboxes\Data Management Tools.tbx\CalculateField" Date="20120525" Time="171653">CalculateField SF_DOE_Precincts_201205 PREC_2010 3646 VB #</Process><Process ToolSource="C:\Program Files (x86)\ArcGIS\Desktop10.0\ArcToolbox\Toolboxes\Data Management Tools.tbx\CalculateField" Date="20120525" Time="171715">CalculateField SF_DOE_Precincts_201205 PREC_2010 3647 VB #</Process><Process ToolSource="C:\Program Files (x86)\ArcGIS\Desktop10.0\ArcToolbox\Toolboxes\Data Management Tools.tbx\CalculateField" Date="20120525" Time="171735">CalculateField SF_DOE_Precincts_201205 PREC_2010 3619 VB #</Process><Process ToolSource="C:\Program Files (x86)\ArcGIS\Desktop10.0\ArcToolbox\Toolboxes\Data Management Tools.tbx\CalculateField" Date="20120525" Time="171754">CalculateField SF_DOE_Precincts_201205 PREC_2010 3919 VB #</Process><Process ToolSource="C:\Program Files (x86)\ArcGIS\Desktop10.0\ArcToolbox\Toolboxes\Data Management Tools.tbx\CalculateField" Date="20120525" Time="171828">CalculateField SF_DOE_Precincts_201205 PREC_2010 3924 VB #</Process><Process ToolSource="C:\Program Files (x86)\ArcGIS\Desktop10.0\ArcToolbox\Toolboxes\Data Management Tools.tbx\CalculateField" Date="20120525" Time="171847">CalculateField SF_DOE_Precincts_201205 PREC_2010 2905 VB #</Process><Process ToolSource="C:\Program Files (x86)\ArcGIS\Desktop10.0\ArcToolbox\Toolboxes\Data Management Tools.tbx\CalculateField" Date="20120525" Time="171906">CalculateField SF_DOE_Precincts_201205 PREC_2010 3924 VB #</Process><Process ToolSource="C:\Program Files (x86)\ArcGIS\Desktop10.0\ArcToolbox\Toolboxes\Data Management Tools.tbx\CalculateField" Date="20120525" Time="172001">CalculateField SF_DOE_Precincts_201205 PREC_2010 3937 VB #</Process><Process ToolSource="C:\Program Files (x86)\ArcGIS\Desktop10.0\ArcToolbox\Toolboxes\Data Management Tools.tbx\CalculateField" Date="20120525" Time="172020">CalculateField SF_DOE_Precincts_201205 PREC_2010 3019 VB #</Process><Process ToolSource="C:\Program Files (x86)\ArcGIS\Desktop10.0\ArcToolbox\Toolboxes\Data Management Tools.tbx\CalculateField" Date="20120525" Time="172047">CalculateField SF_DOE_Precincts_201205 PREC_2010 2005 VB #</Process><Process ToolSource="C:\Program Files (x86)\ArcGIS\Desktop10.0\ArcToolbox\Toolboxes\Data Management Tools.tbx\CalculateField" Date="20120525" Time="172104">CalculateField SF_DOE_Precincts_201205 PREC_2010 3002 VB #</Process><Process ToolSource="C:\Program Files (x86)\ArcGIS\Desktop10.0\ArcToolbox\Toolboxes\Data Management Tools.tbx\CalculateField" Date="20120525" Time="172123">CalculateField SF_DOE_Precincts_201205 PREC_2010 3001 VB #</Process><Process ToolSource="C:\Program Files (x86)\ArcGIS\Desktop10.0\ArcToolbox\Toolboxes\Data Management Tools.tbx\CalculateField" Date="20120525" Time="172156">CalculateField SF_DOE_Precincts_201205 PREC_2010 3022 VB #</Process><Process ToolSource="C:\Program Files (x86)\ArcGIS\Desktop10.0\ArcToolbox\Toolboxes\Data Management Tools.tbx\CalculateField" Date="20120525" Time="172214">CalculateField SF_DOE_Precincts_201205 PREC_2010 2005 VB #</Process><Process ToolSource="C:\Program Files (x86)\ArcGIS\Desktop10.0\ArcToolbox\Toolboxes\Data Management Tools.tbx\CalculateField" Date="20120525" Time="172241">CalculateField SF_DOE_Precincts_201205 PREC_2010 2001 VB #</Process><Process ToolSource="C:\Program Files (x86)\ArcGIS\Desktop10.0\ArcToolbox\Toolboxes\Data Management Tools.tbx\CalculateField" Date="20120525" Time="172301">CalculateField SF_DOE_Precincts_201205 PREC_2010 1128 VB #</Process><Process ToolSource="C:\Program Files (x86)\ArcGIS\Desktop10.0\ArcToolbox\Toolboxes\Data Management Tools.tbx\CalculateField" Date="20120525" Time="172336">CalculateField SF_DOE_Precincts_201205 PREC_2010 1119 VB #</Process><Process ToolSource="C:\Program Files (x86)\ArcGIS\Desktop10.0\ArcToolbox\Toolboxes\Data Management Tools.tbx\CalculateField" Date="20120525" Time="172408">CalculateField SF_DOE_Precincts_201205 PREC_2010 1105 VB #</Process><Process ToolSource="C:\Program Files (x86)\ArcGIS\Desktop10.0\ArcToolbox\Toolboxes\Data Management Tools.tbx\CalculateField" Date="20120525" Time="172424">CalculateField SF_DOE_Precincts_201205 PREC_2010 2001 VB #</Process><Process ToolSource="C:\Program Files (x86)\ArcGIS\Desktop10.0\ArcToolbox\Toolboxes\Data Management Tools.tbx\CalculateField" Date="20120525" Time="172449">CalculateField SF_DOE_Precincts_201205 PREC_2010 1137 VB #</Process><Process ToolSource="C:\Program Files (x86)\ArcGIS\Desktop10.0\ArcToolbox\Toolboxes\Data Management Tools.tbx\CalculateField" Date="20120525" Time="172503">CalculateField SF_DOE_Precincts_201205 PREC_2010 4000 VB #</Process><Process ToolSource="C:\Program Files (x86)\ArcGIS\Desktop10.0\ArcToolbox\Toolboxes\Data Management Tools.tbx\CalculateField" Date="20120525" Time="172815">CalculateField SF_DOE_Precincts_201205 PREC_2010 2147 VB #</Process><Process ToolSource="C:\Program Files (x86)\ArcGIS\Desktop10.0\ArcToolbox\Toolboxes\Data Management Tools.tbx\CalculateField" Date="20120525" Time="172831">CalculateField SF_DOE_Precincts_201205 PREC_2010 2128 VB #</Process><Process ToolSource="C:\Program Files (x86)\ArcGIS\Desktop10.0\ArcToolbox\Toolboxes\Data Management Tools.tbx\CalculateField" Date="20120525" Time="172853">CalculateField SF_DOE_Precincts_201205 PREC_2010 2101 VB #</Process><Process ToolSource="C:\Program Files (x86)\ArcGIS\Desktop10.0\ArcToolbox\Toolboxes\Data Management Tools.tbx\CalculateField" Date="20120525" Time="172919">CalculateField SF_DOE_Precincts_201205 PREC_2010 2121 VB #</Process><Process ToolSource="C:\Program Files (x86)\ArcGIS\Desktop10.0\ArcToolbox\Toolboxes\Data Management Tools.tbx\CalculateField" Date="20120525" Time="172933">CalculateField SF_DOE_Precincts_201205 PREC_2010 2136 VB #</Process><Process ToolSource="C:\Program Files (x86)\ArcGIS\Desktop10.0\ArcToolbox\Toolboxes\Data Management Tools.tbx\CalculateField" Date="20120525" Time="172947">CalculateField SF_DOE_Precincts_201205 PREC_2010 3502 VB #</Process><Process ToolSource="c:\program files (x86)\arcgis\desktop10.0\ArcToolbox\Toolboxes\Data Management Tools.tbx\CopyFeatures" Date="20120531" Time="103128">CopyFeatures "O:\Precinct Services\Projects\GIS\Reprecincting 2012\Output\Deliverables\SF_DOE_Precincts_201205.shp" "O:\Precinct Services\Projects\GIS\Reprecincting 2012\Output\SF_DOE_precincts_2012.gdb\Boundaries\SF_DOE_Precincts_201205" # 0 0 0</Process><Process ToolSource="c:\program files (x86)\arcgis\desktop10.0\ArcToolbox\Toolboxes\Conversion Tools.tbx\FeatureClassToFeatureClass" Date="20120706" Time="103524">FeatureClassToFeatureClass "O:\Precinct Services\Projects\GIS\Reprecincting 2012\Output\SF_DOE_precincts_2012.gdb\Boundaries\SF_DOE_Precincts_201205" "O:\Precinct Services\Projects\GIS\Reprecincting 2012\Output\SF_DOE_precincts_2012.gdb\Boundaries" SF_DOE_Precincts_201207021 # "SupDist "SupDist" true true false 10 Text 0 0 ,First,#,O:\Precinct Services\Projects\GIS\Reprecincting 2012\Output\SF_DOE_precincts_2012.gdb\Boundaries\SF_DOE_Precincts_201205,SupDist,-1,-1;Shape_Leng "Shape_Leng" true true false 8 Double 0 0 ,First,#,O:\Precinct Services\Projects\GIS\Reprecincting 2012\Output\SF_DOE_precincts_2012.gdb\Boundaries\SF_DOE_Precincts_201205,Shape_Leng,-1,-1;BARTDist "BARTDist" true true false 10 Text 0 0 ,First,#,O:\Precinct Services\Projects\GIS\Reprecincting 2012\Output\SF_DOE_precincts_2012.gdb\Boundaries\SF_DOE_Precincts_201205,BARTDist,-1,-1;AssemDist "AssemDist" true true false 10 Text 0 0 ,First,#,O:\Precinct Services\Projects\GIS\Reprecincting 2012\Output\SF_DOE_precincts_2012.gdb\Boundaries\SF_DOE_Precincts_201205,AssemDist,-1,-1;CongDist "CongDist" true true false 10 Text 0 0 ,First,#,O:\Precinct Services\Projects\GIS\Reprecincting 2012\Output\SF_DOE_precincts_2012.gdb\Boundaries\SF_DOE_Precincts_201205,CongDist,-1,-1;NeighRep "NeighRep" true true false 30 Text 0 0 ,First,#,O:\Precinct Services\Projects\GIS\Reprecincting 2012\Output\SF_DOE_precincts_2012.gdb\Boundaries\SF_DOE_Precincts_201205,NeighRep,-1,-1;PREC_2012 "PREC_2012" true true false 10 Text 0 0 ,First,#,O:\Precinct Services\Projects\GIS\Reprecincting 2012\Output\SF_DOE_precincts_2012.gdb\Boundaries\SF_DOE_Precincts_201205,PREC_2012,-1,-1;PREC_2010 "PREC_2010" true true false 10 Text 0 0 ,First,#,O:\Precinct Services\Projects\GIS\Reprecincting 2012\Output\SF_DOE_precincts_2012.gdb\Boundaries\SF_DOE_Precincts_201205,PREC_2010,-1,-1;Shape_Length "Shape_Length" false true true 8 Double 0 0 ,First,#,O:\Precinct Services\Projects\GIS\Reprecincting 2012\Output\SF_DOE_precincts_2012.gdb\Boundaries\SF_DOE_Precincts_201205,Shape_Length,-1,-1;Shape_Area "Shape_Area" false true true 8 Double 0 0 ,First,#,O:\Precinct Services\Projects\GIS\Reprecincting 2012\Output\SF_DOE_precincts_2012.gdb\Boundaries\SF_DOE_Precincts_201205,Shape_Area,-1,-1" #</Process><Process ToolSource="c:\program files (x86)\arcgis\desktop10.3\ArcToolbox\Toolboxes\Data Management Tools.tbx\CalculateField" Date="20170317" Time="143626">CalculateField SF_DOE_Precincts_20120702 PREC_2017 [PREC_2012] VB #</Process><Process ToolSource="c:\program files (x86)\arcgis\desktop10.8\ArcToolbox\Toolboxes\Conversion Tools.tbx\FeatureClassToFeatureClass" Date="20210120" Time="164734">FeatureClassToFeatureClass \\svc3-smb-sfo\sfo\data\VCA2021.gdb\SF_DOE_PREC_2019 \\svc3-smb-sfo\sfo\data\vca2021b.gdb sf_doe_prec_2019_pg # "OBJECTID "OBJECTID" true true false 4 Long 0 0 ,First,#,\\svc3-smb-sfo\sfo\data\VCA2021.gdb\SF_DOE_PREC_2019,OBJECTID,-1,-1;SupDist "SupDist" true true false 10 Text 0 0 ,First,#,\\svc3-smb-sfo\sfo\data\VCA2021.gdb\SF_DOE_PREC_2019,SupDist,-1,-1;Shape_Leng "Shape_Leng" true true false 8 Double 0 0 ,First,#,\\svc3-smb-sfo\sfo\data\VCA2021.gdb\SF_DOE_PREC_2019,Shape_Leng,-1,-1;BARTDist "BARTDist" true true false 10 Text 0 0 ,First,#,\\svc3-smb-sfo\sfo\data\VCA2021.gdb\SF_DOE_PREC_2019,BARTDist,-1,-1;AssemDist "AssemDist" true true false 10 Text 0 0 ,First,#,\\svc3-smb-sfo\sfo\data\VCA2021.gdb\SF_DOE_PREC_2019,AssemDist,-1,-1;CongDist "CongDist" true true false 10 Text 0 0 ,First,#,\\svc3-smb-sfo\sfo\data\VCA2021.gdb\SF_DOE_PREC_2019,CongDist,-1,-1;NeighRep "NeighRep" true true false 30 Text 0 0 ,First,#,\\svc3-smb-sfo\sfo\data\VCA2021.gdb\SF_DOE_PREC_2019,NeighRep,-1,-1;PREC_2012 "PREC_2012" true true false 10 Text 0 0 ,First,#,\\svc3-smb-sfo\sfo\data\VCA2021.gdb\SF_DOE_PREC_2019,PREC_2012,-1,-1;PREC_2010 "PREC_2010" true true false 10 Text 0 0 ,First,#,\\svc3-smb-sfo\sfo\data\VCA2021.gdb\SF_DOE_PREC_2019,PREC_2010,-1,-1;Shape_Le_1 "Shape_Le_1" true true false 8 Double 0 0 ,First,#,\\svc3-smb-sfo\sfo\data\VCA2021.gdb\SF_DOE_PREC_2019,Shape_Le_1,-1,-1;PREC_2017 "PREC_2017" true true false 10 Text 0 0 ,First,#,\\svc3-smb-sfo\sfo\data\VCA2021.gdb\SF_DOE_PREC_2019,PREC_2017,-1,-1;PREC_2019 "PREC_2019" true true false 5 Text 0 0 ,First,#,\\svc3-smb-sfo\sfo\data\VCA2021.gdb\SF_DOE_PREC_2019,PREC_2019,-1,-1;Shape_Length "Shape_Length" false true true 8 Double 0 0 ,First,#,\\svc3-smb-sfo\sfo\data\VCA2021.gdb\SF_DOE_PREC_2019,Shape_Length,-1,-1;Shape_Area "Shape_Area" false true true 8 Double 0 0 ,First,#,\\svc3-smb-sfo\sfo\data\VCA2021.gdb\SF_DOE_PREC_2019,Shape_Area,-1,-1" #</Process><Process ToolSource="c:\program files (x86)\arcgis\desktop10.8\ArcToolbox\Toolboxes\Conversion Tools.tbx\FeatureClassToFeatureClass" Date="20210210" Time="155207">FeatureClassToFeatureClass \\sfgis-hsvc1.sfgov.org\reg\data\vca2021e.gdb\wm84_3857_\wm84_sfdoe_prec_2019_pg "O:\Precinct Services\GIS\SF_DOE_PREC_2019\SF_DOE_PREC_2019.gdb\Polygon_Building" prec_2019_pg # "OBJECTID "OBJECTID" true true false 4 Long 0 0 ,First,#,\\sfgis-hsvc1.sfgov.org\reg\data\vca2021e.gdb\wm84_3857_\wm84_sfdoe_prec_2019_pg,OBJECTID,-1,-1;SupDist "SupDist" true true false 10 Text 0 0 ,First,#,\\sfgis-hsvc1.sfgov.org\reg\data\vca2021e.gdb\wm84_3857_\wm84_sfdoe_prec_2019_pg,SupDist,-1,-1;BARTDist "BARTDist" true true false 10 Text 0 0 ,First,#,\\sfgis-hsvc1.sfgov.org\reg\data\vca2021e.gdb\wm84_3857_\wm84_sfdoe_prec_2019_pg,BARTDist,-1,-1;AssemDist "AssemDist" true true false 10 Text 0 0 ,First,#,\\sfgis-hsvc1.sfgov.org\reg\data\vca2021e.gdb\wm84_3857_\wm84_sfdoe_prec_2019_pg,AssemDist,-1,-1;CongDist "CongDist" true true false 10 Text 0 0 ,First,#,\\sfgis-hsvc1.sfgov.org\reg\data\vca2021e.gdb\wm84_3857_\wm84_sfdoe_prec_2019_pg,CongDist,-1,-1;NeighRep "NeighRep" true true false 30 Text 0 0 ,First,#,\\sfgis-hsvc1.sfgov.org\reg\data\vca2021e.gdb\wm84_3857_\wm84_sfdoe_prec_2019_pg,NeighRep,-1,-1;PREC_2019 "PREC_2019" true true false 5 Text 0 0 ,First,#,\\sfgis-hsvc1.sfgov.org\reg\data\vca2021e.gdb\wm84_3857_\wm84_sfdoe_prec_2019_pg,PREC_2019,-1,-1" #</Process><Process ToolSource="c:\program files (x86)\arcgis\desktop10.8\ArcToolbox\Toolboxes\Data Management Tools.tbx\CalculateField" Date="20210210" Time="155841">CalculateField prec_2019_pg PREC_2019 10001 VB #</Process><Process ToolSource="c:\program files (x86)\arcgis\desktop10.8\ArcToolbox\Toolboxes\Data Management Tools.tbx\CalculateField" Date="20210210" Time="155854">CalculateField prec_2019_pg PREC_2019 10002 VB #</Process><Process ToolSource="c:\program files (x86)\arcgis\desktop10.8\ArcToolbox\Toolboxes\Data Management Tools.tbx\FeatureToPoint" Date="20210210" Time="160138">FeatureToPoint prec_2019_pg "O:\Precinct Services\GIS\SF_DOE_PREC_2019\SF_DOE_PREC_2019.gdb\Polygon_Building\prec_2019_pt" INSIDE</Process><Process ToolSource="c:\program files (x86)\arcgis\desktop10.8\ArcToolbox\Toolboxes\Data Management Tools.tbx\FeatureToPolygon" Date="20210323" Time="110614">FeatureToPolygon sf_DOE_PCT_2019_li "O:\Precinct Services\GIS\SF_DOE_PREC_2019\SF_DOE_PREC_2019.gdb\Polygon_Building\prec_2019_27_pg" "0.01 Meters" ATTRIBUTES prec_2019_pt</Process><Process ToolSource="c:\program files (x86)\arcgis\desktop10.8\ArcToolbox\Toolboxes\Data Management Tools.tbx\FeatureToPoint" Date="20210429" Time="124711">FeatureToPoint prec_2019_27_pg "C:\Users\apastalaniec\Documents\ArcGIS\New File Geodatabase.gdb\prec_2019_local_3_pt" INSIDE</Process><Process ToolSource="c:\program files (x86)\arcgis\desktop10.8\ArcToolbox\Toolboxes\Data Management Tools.tbx\AddField" Date="20210429" Time="125017">AddField prec_2019_local_3_pt wm84_x DOUBLE # # # # NULLABLE NON_REQUIRED #</Process><Process ToolSource="c:\program files (x86)\arcgis\desktop10.8\ArcToolbox\Toolboxes\Data Management Tools.tbx\AddField" Date="20210429" Time="125037">AddField prec_2019_local_3_pt wm84_y DOUBLE # # # # NULLABLE NON_REQUIRED #</Process><Process ToolSource="c:\program files (x86)\arcgis\desktop10.8\ArcToolbox\Toolboxes\Data Management Tools.tbx\AddXY" Date="20210429" Time="125108">AddXY prec_2019_local_3_pt</Process><Process ToolSource="c:\program files (x86)\arcgis\desktop10.8\ArcToolbox\Toolboxes\Data Management Tools.tbx\CalculateField" Date="20210429" Time="125140">CalculateField prec_2019_local_3_pt wm84_x [POINT_X] VB #</Process><Process ToolSource="c:\program files (x86)\arcgis\desktop10.8\ArcToolbox\Toolboxes\Data Management Tools.tbx\CalculateField" Date="20210429" Time="125155">CalculateField prec_2019_local_3_pt wm84_y "[POINT_Y] " VB #</Process><Process ToolSource="c:\program files (x86)\arcgis\desktop10.8\ArcToolbox\Toolboxes\Data Management Tools.tbx\AddXY" Date="20210429" Time="125347">AddXY prec_2019_local_3_pt</Process><Process ToolSource="c:\program files (x86)\arcgis\desktop10.8\ArcToolbox\Toolboxes\Conversion Tools.tbx\FeatureClassToFeatureClass" Date="20210429" Time="125627">FeatureClassToFeatureClass prec_2019_local_3_pt "C:\Users\apastalaniec\Documents\ArcGIS\New File Geodatabase.gdb\G84_4326_" G84_prec_2019_3_pt # "OBJECTID "OBJECTID" true true false 4 Long 0 0 ,First,#,prec_2019_local_3_pt,OBJECTID,-1,-1;SupDist "SupDist" true true false 10 Text 0 0 ,First,#,prec_2019_local_3_pt,SupDist,-1,-1;BARTDist "BARTDist" true true false 10 Text 0 0 ,First,#,prec_2019_local_3_pt,BARTDist,-1,-1;AssemDist "AssemDist" true true false 10 Text 0 0 ,First,#,prec_2019_local_3_pt,AssemDist,-1,-1;CongDist "CongDist" true true false 10 Text 0 0 ,First,#,prec_2019_local_3_pt,CongDist,-1,-1;NeighRep "NeighRep" true true false 30 Text 0 0 ,First,#,prec_2019_local_3_pt,NeighRep,-1,-1;PREC_2019 "PREC_2019" true true false 5 Text 0 0 ,First,#,prec_2019_local_3_pt,PREC_2019,-1,-1;ORIG_FID "ORIG_FID" true true false 4 Long 0 0 ,First,#,prec_2019_local_3_pt,ORIG_FID,-1,-1;wm84_x "wm84_x" true true false 8 Double 0 0 ,First,#,prec_2019_local_3_pt,wm84_x,-1,-1;wm84_y "wm84_y" true true false 8 Double 0 0 ,First,#,prec_2019_local_3_pt,wm84_y,-1,-1" #</Process><Process ToolSource="c:\program files (x86)\arcgis\desktop10.8\ArcToolbox\Toolboxes\Data Management Tools.tbx\AddXY" Date="20210429" Time="125725">AddXY G84_prec_2019_3_pt</Process><Process ToolSource="c:\program files (x86)\arcgis\desktop10.8\ArcToolbox\Toolboxes\Data Management Tools.tbx\AddField" Date="20210429" Time="125820">AddField G84_prec_2019_3_pt Longitude DOUBLE # # # # NULLABLE NON_REQUIRED #</Process><Process ToolSource="c:\program files (x86)\arcgis\desktop10.8\ArcToolbox\Toolboxes\Data Management Tools.tbx\AddField" Date="20210429" Time="125835">AddField G84_prec_2019_3_pt Latitude DOUBLE # # # # NULLABLE NON_REQUIRED #</Process><Process ToolSource="c:\program files (x86)\arcgis\desktop10.8\ArcToolbox\Toolboxes\Data Management Tools.tbx\AddField" Date="20210429" Time="125906">AddField G84_prec_2019_3_pt Latitude DOUBLE # # # # NULLABLE NON_REQUIRED #</Process><Process ToolSource="c:\program files (x86)\arcgis\desktop10.8\ArcToolbox\Toolboxes\Data Management Tools.tbx\AddField" Date="20210429" Time="130050">AddField G84_prec_2019_3_pt Lat DOUBLE # # # # NULLABLE NON_REQUIRED #</Process><Process ToolSource="c:\program files (x86)\arcgis\desktop10.8\ArcToolbox\Toolboxes\Data Management Tools.tbx\CalculateField" Date="20210429" Time="130257">CalculateField G84_prec_2019_3_pt Longitude [POINT_X] VB #</Process><Process ToolSource="c:\program files (x86)\arcgis\desktop10.8\ArcToolbox\Toolboxes\Data Management Tools.tbx\CalculateField" Date="20210429" Time="130308">CalculateField G84_prec_2019_3_pt Latitude [POINT_y] VB #</Process><Process ToolSource="c:\program files (x86)\arcgis\desktop10.8\ArcToolbox\Toolboxes\Data Management Tools.tbx\CalculateField" Date="20210630" Time="145848">CalculateField prec_2019_4_pt PREC_2021 [PREC_2019] VB #</Process><Process ToolSource="c:\program files (x86)\arcgis\desktop10.8\ArcToolbox\Toolboxes\Conversion Tools.tbx\FeatureClassToFeatureClass" Date="20220103" Time="091606">FeatureClassToFeatureClass "O:\Precinct Services\GIS\SF_DOE_PREC_2019\SF_DOE_PREC_2019.gdb\Polygon_Building\prec_2021_0_pt" "O:\Precinct Services\GIS\2022 Redistricting\Feb 15 2022 - State Redistricting\2022 State Redistricting Shapefiles.gdb" sf_doe_prec_2021_pt # "SupDist "SupDist" true true false 10 Text 0 0 ,First,#,O:\Precinct Services\GIS\SF_DOE_PREC_2019\SF_DOE_PREC_2019.gdb\Polygon_Building\prec_2021_0_pt,SupDist,-1,-1;BARTDist "BARTDist" true true false 10 Text 0 0 ,First,#,O:\Precinct Services\GIS\SF_DOE_PREC_2019\SF_DOE_PREC_2019.gdb\Polygon_Building\prec_2021_0_pt,BARTDist,-1,-1;AssemDist "AssemDist" true true false 10 Text 0 0 ,First,#,O:\Precinct Services\GIS\SF_DOE_PREC_2019\SF_DOE_PREC_2019.gdb\Polygon_Building\prec_2021_0_pt,AssemDist,-1,-1;CongDist "CongDist" true true false 10 Text 0 0 ,First,#,O:\Precinct Services\GIS\SF_DOE_PREC_2019\SF_DOE_PREC_2019.gdb\Polygon_Building\prec_2021_0_pt,CongDist,-1,-1;NeighRep "NeighRep" true true false 30 Text 0 0 ,First,#,O:\Precinct Services\GIS\SF_DOE_PREC_2019\SF_DOE_PREC_2019.gdb\Polygon_Building\prec_2021_0_pt,NeighRep,-1,-1;wm84_x "wm84_x" true true false 8 Double 0 0 ,First,#,O:\Precinct Services\GIS\SF_DOE_PREC_2019\SF_DOE_PREC_2019.gdb\Polygon_Building\prec_2021_0_pt,wm84_x,-1,-1;wm84_y "wm84_y" true true false 8 Double 0 0 ,First,#,O:\Precinct Services\GIS\SF_DOE_PREC_2019\SF_DOE_PREC_2019.gdb\Polygon_Building\prec_2021_0_pt,wm84_y,-1,-1;Longitude "Longitude" true true false 8 Double 0 0 ,First,#,O:\Precinct Services\GIS\SF_DOE_PREC_2019\SF_DOE_PREC_2019.gdb\Polygon_Building\prec_2021_0_pt,Longitude,-1,-1;Latitude "Latitude" true true false 8 Double 0 0 ,First,#,O:\Precinct Services\GIS\SF_DOE_PREC_2019\SF_DOE_PREC_2019.gdb\Polygon_Building\prec_2021_0_pt,Latitude,-1,-1;PREC_2021 "PREC_2021" true true false 4 Long 0 0 ,First,#,O:\Precinct Services\GIS\SF_DOE_PREC_2019\SF_DOE_PREC_2019.gdb\Polygon_Building\prec_2021_0_pt,PREC_2021,-1,-1" #</Process><Process ToolSource="c:\program files (x86)\arcgis\desktop10.8\ArcToolbox\Toolboxes\Conversion Tools.tbx\FeatureClassToFeatureClass" Date="20220103" Time="092429">FeatureClassToFeatureClass "O:\Precinct Services\GIS\2022 Redistricting\Feb 15 2022 - State Redistricting\2022 State Redistricting Shapefiles.gdb\sf_doe_prec_2021_pt" "O:\Precinct Services\GIS\2022 Redistricting\Feb 15 2022 - State Redistricting\2022 State Redistricting Shapefiles.gdb\wm84_3857_editing" sf_doe_prec_2022_01_pt # "SupDist "SupDist" true true false 10 Text 0 0 ,First,#,O:\Precinct Services\GIS\2022 Redistricting\Feb 15 2022 - State Redistricting\2022 State Redistricting Shapefiles.gdb\sf_doe_prec_2021_pt,SupDist,-1,-1;BARTDist "BARTDist" true true false 10 Text 0 0 ,First,#,O:\Precinct Services\GIS\2022 Redistricting\Feb 15 2022 - State Redistricting\2022 State Redistricting Shapefiles.gdb\sf_doe_prec_2021_pt,BARTDist,-1,-1;AssemDist "AssemDist" true true false 10 Text 0 0 ,First,#,O:\Precinct Services\GIS\2022 Redistricting\Feb 15 2022 - State Redistricting\2022 State Redistricting Shapefiles.gdb\sf_doe_prec_2021_pt,AssemDist,-1,-1;CongDist "CongDist" true true false 10 Text 0 0 ,First,#,O:\Precinct Services\GIS\2022 Redistricting\Feb 15 2022 - State Redistricting\2022 State Redistricting Shapefiles.gdb\sf_doe_prec_2021_pt,CongDist,-1,-1;NeighRep "NeighRep" true true false 30 Text 0 0 ,First,#,O:\Precinct Services\GIS\2022 Redistricting\Feb 15 2022 - State Redistricting\2022 State Redistricting Shapefiles.gdb\sf_doe_prec_2021_pt,NeighRep,-1,-1;wm84_x "wm84_x" true true false 8 Double 0 0 ,First,#,O:\Precinct Services\GIS\2022 Redistricting\Feb 15 2022 - State Redistricting\2022 State Redistricting Shapefiles.gdb\sf_doe_prec_2021_pt,wm84_x,-1,-1;wm84_y "wm84_y" true true false 8 Double 0 0 ,First,#,O:\Precinct Services\GIS\2022 Redistricting\Feb 15 2022 - State Redistricting\2022 State Redistricting Shapefiles.gdb\sf_doe_prec_2021_pt,wm84_y,-1,-1;Longitude "Longitude" true true false 8 Double 0 0 ,First,#,O:\Precinct Services\GIS\2022 Redistricting\Feb 15 2022 - State Redistricting\2022 State Redistricting Shapefiles.gdb\sf_doe_prec_2021_pt,Longitude,-1,-1;Latitude "Latitude" true true false 8 Double 0 0 ,First,#,O:\Precinct Services\GIS\2022 Redistricting\Feb 15 2022 - State Redistricting\2022 State Redistricting Shapefiles.gdb\sf_doe_prec_2021_pt,Latitude,-1,-1;PREC_2021 "PREC_2021" true true false 4 Long 0 0 ,First,#,O:\Precinct Services\GIS\2022 Redistricting\Feb 15 2022 - State Redistricting\2022 State Redistricting Shapefiles.gdb\sf_doe_prec_2021_pt,PREC_2021,-1,-1" #</Process><Process ToolSource="c:\program files (x86)\arcgis\desktop10.8\ArcToolbox\Toolboxes\Data Management Tools.tbx\AddXY" Date="20220104" Time="154448">AddXY sf_doe_prec_2022_01_pt</Process><Process ToolSource="c:\program files (x86)\arcgis\desktop10.8\ArcToolbox\Toolboxes\Data Management Tools.tbx\CalculateField" Date="20220104" Time="154539">CalculateField sf_doe_prec_2022_01_pt wm84_x [POINT_X] VB #</Process><Process ToolSource="c:\program files (x86)\arcgis\desktop10.8\ArcToolbox\Toolboxes\Data Management Tools.tbx\CalculateField" Date="20220104" Time="154555">CalculateField sf_doe_prec_2022_01_pt wm84_y [POINT_Y] VB #</Process><Process ToolSource="c:\program files (x86)\arcgis\desktop10.8\ArcToolbox\Toolboxes\Data Management Tools.tbx\AddXY" Date="20220104" Time="154838">AddXY sf_doe_prec_2022_01_pt</Process><Process ToolSource="c:\program files (x86)\arcgis\desktop10.8\ArcToolbox\Toolboxes\Conversion Tools.tbx\FeatureClassToFeatureClass" Date="20220104" Time="155030">FeatureClassToFeatureClass sf_doe_prec_2022_01_pt "O:\Precinct Services\GIS\2022 Redistricting\Feb 15 2022 - State Redistricting\2022 State Redistricting Shapefiles.gdb\G84" g84_sf_doe_prec_2022_01_pt # "SupDist "SupDist" true true false 10 Text 0 0 ,First,#,sf_doe_prec_2022_01_pt,SupDist,-1,-1;BARTDist "BARTDist" true true false 10 Text 0 0 ,First,#,sf_doe_prec_2022_01_pt,BARTDist,-1,-1;AssemDist "AssemDist" true true false 10 Text 0 0 ,First,#,sf_doe_prec_2022_01_pt,AssemDist,-1,-1;CongDist "CongDist" true true false 10 Text 0 0 ,First,#,sf_doe_prec_2022_01_pt,CongDist,-1,-1;NeighRep "NeighRep" true true false 30 Text 0 0 ,First,#,sf_doe_prec_2022_01_pt,NeighRep,-1,-1;wm84_x "wm84_x" true true false 8 Double 0 0 ,First,#,sf_doe_prec_2022_01_pt,wm84_x,-1,-1;wm84_y "wm84_y" true true false 8 Double 0 0 ,First,#,sf_doe_prec_2022_01_pt,wm84_y,-1,-1;Longitude "Longitude" true true false 8 Double 0 0 ,First,#,sf_doe_prec_2022_01_pt,Longitude,-1,-1;Latitude "Latitude" true true false 8 Double 0 0 ,First,#,sf_doe_prec_2022_01_pt,Latitude,-1,-1;PREC_2021 "PREC_2021" true true false 4 Long 0 0 ,First,#,sf_doe_prec_2022_01_pt,PREC_2021,-1,-1" #</Process><Process ToolSource="c:\program files (x86)\arcgis\desktop10.8\ArcToolbox\Toolboxes\Data Management Tools.tbx\AddXY" Date="20220104" Time="155057">AddXY g84_sf_doe_prec_2022_01_pt</Process><Process ToolSource="c:\program files (x86)\arcgis\desktop10.8\ArcToolbox\Toolboxes\Data Management Tools.tbx\CalculateField" Date="20220104" Time="155123">CalculateField g84_sf_doe_prec_2022_01_pt Longitude [POINT_X] VB #</Process><Process ToolSource="c:\program files (x86)\arcgis\desktop10.8\ArcToolbox\Toolboxes\Data Management Tools.tbx\CalculateField" Date="20220104" Time="155134">CalculateField g84_sf_doe_prec_2022_01_pt Latitude [POINT_Y] VB #</Process><Process ToolSource="c:\program files (x86)\arcgis\desktop10.8\ArcToolbox\Toolboxes\Conversion Tools.tbx\FeatureClassToFeatureClass" Date="20220104" Time="155251">FeatureClassToFeatureClass "O:\Precinct Services\GIS\2022 Redistricting\Feb 15 2022 - State Redistricting\2022 State Redistricting Shapefiles.gdb\G84\g84_sf_doe_prec_2022_01_pt" "O:\Precinct Services\GIS\2022 Redistricting\Feb 15 2022 - State Redistricting\2022 State Redistricting Shapefiles.gdb\wm84_3857_editing" sf_doe_prec_2022_02_pt # "SupDist "SupDist" true true false 10 Text 0 0 ,First,#,O:\Precinct Services\GIS\2022 Redistricting\Feb 15 2022 - State Redistricting\2022 State Redistricting Shapefiles.gdb\G84\g84_sf_doe_prec_2022_01_pt,SupDist,-1,-1;BARTDist "BARTDist" true true false 10 Text 0 0 ,First,#,O:\Precinct Services\GIS\2022 Redistricting\Feb 15 2022 - State Redistricting\2022 State Redistricting Shapefiles.gdb\G84\g84_sf_doe_prec_2022_01_pt,BARTDist,-1,-1;AssemDist "AssemDist" true true false 10 Text 0 0 ,First,#,O:\Precinct Services\GIS\2022 Redistricting\Feb 15 2022 - State Redistricting\2022 State Redistricting Shapefiles.gdb\G84\g84_sf_doe_prec_2022_01_pt,AssemDist,-1,-1;CongDist "CongDist" true true false 10 Text 0 0 ,First,#,O:\Precinct Services\GIS\2022 Redistricting\Feb 15 2022 - State Redistricting\2022 State Redistricting Shapefiles.gdb\G84\g84_sf_doe_prec_2022_01_pt,CongDist,-1,-1;NeighRep "NeighRep" true true false 30 Text 0 0 ,First,#,O:\Precinct Services\GIS\2022 Redistricting\Feb 15 2022 - State Redistricting\2022 State Redistricting Shapefiles.gdb\G84\g84_sf_doe_prec_2022_01_pt,NeighRep,-1,-1;wm84_x "wm84_x" true true false 8 Double 0 0 ,First,#,O:\Precinct Services\GIS\2022 Redistricting\Feb 15 2022 - State Redistricting\2022 State Redistricting Shapefiles.gdb\G84\g84_sf_doe_prec_2022_01_pt,wm84_x,-1,-1;wm84_y "wm84_y" true true false 8 Double 0 0 ,First,#,O:\Precinct Services\GIS\2022 Redistricting\Feb 15 2022 - State Redistricting\2022 State Redistricting Shapefiles.gdb\G84\g84_sf_doe_prec_2022_01_pt,wm84_y,-1,-1;Longitude "Longitude" true true false 8 Double 0 0 ,First,#,O:\Precinct Services\GIS\2022 Redistricting\Feb 15 2022 - State Redistricting\2022 State Redistricting Shapefiles.gdb\G84\g84_sf_doe_prec_2022_01_pt,Longitude,-1,-1;Latitude "Latitude" true true false 8 Double 0 0 ,First,#,O:\Precinct Services\GIS\2022 Redistricting\Feb 15 2022 - State Redistricting\2022 State Redistricting Shapefiles.gdb\G84\g84_sf_doe_prec_2022_01_pt,Latitude,-1,-1;PREC_2021 "PREC_2021" true true false 4 Long 0 0 ,First,#,O:\Precinct Services\GIS\2022 Redistricting\Feb 15 2022 - State Redistricting\2022 State Redistricting Shapefiles.gdb\G84\g84_sf_doe_prec_2022_01_pt,PREC_2021,-1,-1" #</Process><Process ToolSource="c:\program files (x86)\arcgis\desktop10.8\ArcToolbox\Toolboxes\Data Management Tools.tbx\CalculateField" Date="20220105" Time="104047">CalculateField sf_doe_prec_2022_03_pt PREC_2022 [PREC_2021] VB #</Process><Process ToolSource="c:\program files (x86)\arcgis\desktop10.8\ArcToolbox\Toolboxes\Data Management Tools.tbx\AddXY" Date="20220105" Time="144058">AddXY g84_sf_doe_prec_2022_03_pt</Process><Process ToolSource="c:\program files (x86)\arcgis\desktop10.8\ArcToolbox\Toolboxes\Data Management Tools.tbx\CalculateField" Date="20220105" Time="144122">CalculateField g84_sf_doe_prec_2022_03_pt Latitude [POINT_Y] VB #</Process><Process ToolSource="c:\program files (x86)\arcgis\desktop10.8\ArcToolbox\Toolboxes\Data Management Tools.tbx\CalculateField" Date="20220105" Time="144134">CalculateField g84_sf_doe_prec_2022_03_pt Longitude [POINT_X] VB #</Process><Process ToolSource="c:\program files (x86)\arcgis\desktop10.8\ArcToolbox\Toolboxes\Data Management Tools.tbx\AddXY" Date="20220105" Time="144427">AddXY sf_doe_prec_2022_04_pt</Process><Process ToolSource="c:\program files (x86)\arcgis\desktop10.8\ArcToolbox\Toolboxes\Data Management Tools.tbx\CalculateField" Date="20220105" Time="144453">CalculateField sf_doe_prec_2022_04_pt wm84_x [POINT_X] VB #</Process><Process ToolSource="c:\program files (x86)\arcgis\desktop10.8\ArcToolbox\Toolboxes\Data Management Tools.tbx\CalculateField" Date="20220105" Time="144502">CalculateField sf_doe_prec_2022_04_pt wm84_y [POINT_Y] VB #</Process><Process ToolSource="c:\program files (x86)\arcgis\desktop10.8\ArcToolbox\Toolboxes\Analysis Tools.tbx\SpatialJoin" Date="20220105" Time="150410">SpatialJoin sf_doe_prec_2022_05_pt "O:\Precinct Services\GIS\2022 Redistricting\Feb 15 2022 - State Redistricting\2022 State Redistricting Shapefiles.gdb\wm84_DistrictJoinShapes\BartDist2012_pg" "O:\Precinct Services\GIS\2022 Redistricting\Feb 15 2022 - State Redistricting\2022 State Redistricting Shapefiles.gdb\wm84_3857_editing\sf_doe_prec_2022_06_pt" JOIN_ONE_TO_ONE KEEP_ALL "SupDist "SupDist" true true false 10 Text 0 0 ,First,#,sf_doe_prec_2022_05_pt,SupDist,-1,-1;BARTDist "BARTDist" true true false 10 Text 0 0 ,First,#,sf_doe_prec_2022_05_pt,BARTDist,-1,-1;AssemDist "AssemDist" true true false 10 Text 0 0 ,First,#,sf_doe_prec_2022_05_pt,AssemDist,-1,-1;CongDist "CongDist" true true false 10 Text 0 0 ,First,#,sf_doe_prec_2022_05_pt,CongDist,-1,-1;NeighRep "NeighRep" true true false 30 Text 0 0 ,First,#,sf_doe_prec_2022_05_pt,NeighRep,-1,-1;wm84_x "wm84_x" true true false 8 Double 0 0 ,First,#,sf_doe_prec_2022_05_pt,wm84_x,-1,-1;wm84_y "wm84_y" true true false 8 Double 0 0 ,First,#,sf_doe_prec_2022_05_pt,wm84_y,-1,-1;Longitude "Longitude" true true false 8 Double 0 0 ,First,#,sf_doe_prec_2022_05_pt,Longitude,-1,-1;Latitude "Latitude" true true false 8 Double 0 0 ,First,#,sf_doe_prec_2022_05_pt,Latitude,-1,-1;PREC_2021 "PREC_2021" true true false 4 Long 0 0 ,First,#,sf_doe_prec_2022_05_pt,PREC_2021,-1,-1;PREC_2022 "PREC_2022" true true false 2 Short 0 0 ,First,#,sf_doe_prec_2022_05_pt,PREC_2022,-1,-1;BARTDist_1 "BARTDist_1" true true false 10 Text 0 0 ,First,#,O:\Precinct Services\GIS\2022 Redistricting\Feb 15 2022 - State Redistricting\2022 State Redistricting Shapefiles.gdb\wm84_DistrictJoinShapes\BartDist2012_pg,BARTDist,-1,-1" INTERSECT # #</Process><Process ToolSource="c:\program files (x86)\arcgis\desktop10.8\ArcToolbox\Toolboxes\Analysis Tools.tbx\SpatialJoin" Date="20220105" Time="150840">SpatialJoin sf_doe_prec_2022_06_pt "O:\Precinct Services\GIS\2022 Redistricting\Feb 15 2022 - State Redistricting\2022 State Redistricting Shapefiles.gdb\wm84_DistrictJoinShapes\SupeDist2012_pg" "O:\Precinct Services\GIS\2022 Redistricting\Feb 15 2022 - State Redistricting\2022 State Redistricting Shapefiles.gdb\wm84_3857_editing\sf_doe_prec_2022_07_pt" JOIN_ONE_TO_ONE KEEP_ALL "SupDist_2012 "SupDist_2012" true true false 10 Text 0 0 ,First,#,sf_doe_prec_2022_06_pt,SupDist,-1,-1;BARTDist_2012 "BARTDist_2012" true true false 10 Text 0 0 ,First,#,sf_doe_prec_2022_06_pt,BARTDist,-1,-1;AssemDist_2012 "AssemDist_2012" true true false 10 Text 0 0 ,First,#,sf_doe_prec_2022_06_pt,AssemDist,-1,-1;CongDist_2012 "CongDist_2012" true true false 10 Text 0 0 ,First,#,sf_doe_prec_2022_06_pt,CongDist,-1,-1;NeighRep_2012 "NeighRep_2012" true true false 30 Text 0 0 ,First,#,sf_doe_prec_2022_06_pt,NeighRep,-1,-1;wm84_x "wm84_x" true true false 8 Double 0 0 ,First,#,sf_doe_prec_2022_06_pt,wm84_x,-1,-1;wm84_y "wm84_y" true true false 8 Double 0 0 ,First,#,sf_doe_prec_2022_06_pt,wm84_y,-1,-1;Longitude "Longitude" true true false 8 Double 0 0 ,First,#,sf_doe_prec_2022_06_pt,Longitude,-1,-1;Latitude "Latitude" true true false 8 Double 0 0 ,First,#,sf_doe_prec_2022_06_pt,Latitude,-1,-1;PREC_2021 "PREC_2021" true true false 4 Long 0 0 ,First,#,sf_doe_prec_2022_06_pt,PREC_2021,-1,-1;PREC_2022 "PREC_2022" true true false 2 Short 0 0 ,First,#,sf_doe_prec_2022_06_pt,PREC_2022,-1,-1;BARTDist_2022 "BARTDist_2022" true true false 10 Text 0 0 ,First,#,sf_doe_prec_2022_06_pt,BARTDist_1,-1,-1;SupDist_2022 "SupDist_2022" true true false 10 Text 0 0 ,First,#,O:\Precinct Services\GIS\2022 Redistricting\Feb 15 2022 - State Redistricting\2022 State Redistricting Shapefiles.gdb\wm84_DistrictJoinShapes\SupeDist2012_pg,SupDist,-1,-1" INTERSECT # #</Process><Process ToolSource="c:\program files (x86)\arcgis\desktop10.8\ArcToolbox\Toolboxes\Analysis Tools.tbx\SpatialJoin" Date="20220105" Time="151210">SpatialJoin sf_doe_prec_2022_07_pt "O:\Precinct Services\GIS\2022 Redistricting\Feb 15 2022 - State Redistricting\2022 State Redistricting Shapefiles.gdb\wm84_DistrictJoinShapes\AssemDist2022_pg" "O:\Precinct Services\GIS\2022 Redistricting\Feb 15 2022 - State Redistricting\2022 State Redistricting Shapefiles.gdb\wm84_3857_editing\sf_doe_prec_2022_08_pt" JOIN_ONE_TO_ONE KEEP_ALL "SupDist_2012 "SupDist_2012" true true false 10 Text 0 0 ,First,#,sf_doe_prec_2022_07_pt,SupDist_2012,-1,-1;BARTDist_2012 "BARTDist_2012" true true false 10 Text 0 0 ,First,#,sf_doe_prec_2022_07_pt,BARTDist_2012,-1,-1;AssemDist_2012 "AssemDist_2012" true true false 10 Text 0 0 ,First,#,sf_doe_prec_2022_07_pt,AssemDist_2012,-1,-1;CongDist_2012 "CongDist_2012" true true false 10 Text 0 0 ,First,#,sf_doe_prec_2022_07_pt,CongDist_2012,-1,-1;NeighRep_2012 "NeighRep_2012" true true false 30 Text 0 0 ,First,#,sf_doe_prec_2022_07_pt,NeighRep_2012,-1,-1;wm84_x "wm84_x" true true false 8 Double 0 0 ,First,#,sf_doe_prec_2022_07_pt,wm84_x,-1,-1;wm84_y "wm84_y" true true false 8 Double 0 0 ,First,#,sf_doe_prec_2022_07_pt,wm84_y,-1,-1;Longitude "Longitude" true true false 8 Double 0 0 ,First,#,sf_doe_prec_2022_07_pt,Longitude,-1,-1;Latitude "Latitude" true true false 8 Double 0 0 ,First,#,sf_doe_prec_2022_07_pt,Latitude,-1,-1;PREC_2021 "PREC_2021" true true false 4 Long 0 0 ,First,#,sf_doe_prec_2022_07_pt,PREC_2021,-1,-1;PREC_2022 "PREC_2022" true true false 2 Short 0 0 ,First,#,sf_doe_prec_2022_07_pt,PREC_2022,-1,-1;BARTDist_2022 "BARTDist_2022" true true false 10 Text 0 0 ,First,#,sf_doe_prec_2022_07_pt,BARTDist_2022,-1,-1;SupDist_2022 "SupDist_2022" true true false 10 Text 0 0 ,First,#,sf_doe_prec_2022_07_pt,SupDist_2022,-1,-1;AssembDist_2022 "AssembDist_2022" true true false 12 Text 0 0 ,First,#,O:\Precinct Services\GIS\2022 Redistricting\Feb 15 2022 - State Redistricting\2022 State Redistricting Shapefiles.gdb\wm84_DistrictJoinShapes\AssemDist2022_pg,DISTRICT,-1,-1" INTERSECT # #</Process><Process ToolSource="c:\program files (x86)\arcgis\desktop10.8\ArcToolbox\Toolboxes\Analysis Tools.tbx\SpatialJoin" Date="20220105" Time="151436">SpatialJoin sf_doe_prec_2022_08_pt "O:\Precinct Services\GIS\2022 Redistricting\Feb 15 2022 - State Redistricting\2022 State Redistricting Shapefiles.gdb\wm84_DistrictJoinShapes\BOE2022_pg" "O:\Precinct Services\GIS\2022 Redistricting\Feb 15 2022 - State Redistricting\2022 State Redistricting Shapefiles.gdb\wm84_3857_editing\sf_doe_prec_2022_09_pt" JOIN_ONE_TO_ONE KEEP_ALL "SupDist_2012 "SupDist_2012" true true false 10 Text 0 0 ,First,#,sf_doe_prec_2022_08_pt,SupDist_2012,-1,-1;BARTDist_2012 "BARTDist_2012" true true false 10 Text 0 0 ,First,#,sf_doe_prec_2022_08_pt,BARTDist_2012,-1,-1;AssemDist_2012 "AssemDist_2012" true true false 10 Text 0 0 ,First,#,sf_doe_prec_2022_08_pt,AssemDist_2012,-1,-1;CongDist_2012 "CongDist_2012" true true false 10 Text 0 0 ,First,#,sf_doe_prec_2022_08_pt,CongDist_2012,-1,-1;NeighRep_2012 "NeighRep_2012" true true false 30 Text 0 0 ,First,#,sf_doe_prec_2022_08_pt,NeighRep_2012,-1,-1;wm84_x "wm84_x" true true false 8 Double 0 0 ,First,#,sf_doe_prec_2022_08_pt,wm84_x,-1,-1;wm84_y "wm84_y" true true false 8 Double 0 0 ,First,#,sf_doe_prec_2022_08_pt,wm84_y,-1,-1;Longitude "Longitude" true true false 8 Double 0 0 ,First,#,sf_doe_prec_2022_08_pt,Longitude,-1,-1;Latitude "Latitude" true true false 8 Double 0 0 ,First,#,sf_doe_prec_2022_08_pt,Latitude,-1,-1;PREC_2021 "PREC_2021" true true false 4 Long 0 0 ,First,#,sf_doe_prec_2022_08_pt,PREC_2021,-1,-1;PREC_2022 "PREC_2022" true true false 2 Short 0 0 ,First,#,sf_doe_prec_2022_08_pt,PREC_2022,-1,-1;BARTDist_2022 "BARTDist_2022" true true false 10 Text 0 0 ,First,#,sf_doe_prec_2022_08_pt,BARTDist_2022,-1,-1;SupDist_2022 "SupDist_2022" true true false 10 Text 0 0 ,First,#,sf_doe_prec_2022_08_pt,SupDist_2022,-1,-1;AssembDist_2022 "AssembDist_2022" true true false 12 Text 0 0 ,First,#,sf_doe_prec_2022_08_pt,AssembDist_2022,-1,-1;BOE_2022 "BOE_2022" true true false 12 Text 0 0 ,First,#,O:\Precinct Services\GIS\2022 Redistricting\Feb 15 2022 - State Redistricting\2022 State Redistricting Shapefiles.gdb\wm84_DistrictJoinShapes\BOE2022_pg,DISTRICT,-1,-1" INTERSECT # #</Process><Process ToolSource="c:\program files (x86)\arcgis\desktop10.8\ArcToolbox\Toolboxes\Analysis Tools.tbx\SpatialJoin" Date="20220105" Time="152405">SpatialJoin sf_doe_prec_2022_09_pt "O:\Precinct Services\GIS\2022 Redistricting\Feb 15 2022 - State Redistricting\2022 State Redistricting Shapefiles.gdb\wm84_DistrictJoinShapes\Neighborhoods2022_pg" "O:\Precinct Services\GIS\2022 Redistricting\Feb 15 2022 - State Redistricting\2022 State Redistricting Shapefiles.gdb\wm84_3857_editing\sf_doe_prec_2022_10_pt" JOIN_ONE_TO_ONE KEEP_ALL "SupDist_2012 "SupDist_2012" true true false 10 Text 0 0 ,First,#,sf_doe_prec_2022_09_pt,SupDist_2012,-1,-1;BARTDist_2012 "BARTDist_2012" true true false 10 Text 0 0 ,First,#,sf_doe_prec_2022_09_pt,BARTDist_2012,-1,-1;AssemDist_2012 "AssemDist_2012" true true false 10 Text 0 0 ,First,#,sf_doe_prec_2022_09_pt,AssemDist_2012,-1,-1;CongDist_2012 "CongDist_2012" true true false 10 Text 0 0 ,First,#,sf_doe_prec_2022_09_pt,CongDist_2012,-1,-1;NeighRep_2012 "NeighRep_2012" true true false 30 Text 0 0 ,First,#,sf_doe_prec_2022_09_pt,NeighRep_2012,-1,-1;wm84_x "wm84_x" true true false 8 Double 0 0 ,First,#,sf_doe_prec_2022_09_pt,wm84_x,-1,-1;wm84_y "wm84_y" true true false 8 Double 0 0 ,First,#,sf_doe_prec_2022_09_pt,wm84_y,-1,-1;Longitude "Longitude" true true false 8 Double 0 0 ,First,#,sf_doe_prec_2022_09_pt,Longitude,-1,-1;Latitude "Latitude" true true false 8 Double 0 0 ,First,#,sf_doe_prec_2022_09_pt,Latitude,-1,-1;PREC_2021 "PREC_2021" true true false 4 Long 0 0 ,First,#,sf_doe_prec_2022_09_pt,PREC_2021,-1,-1;PREC_2022 "PREC_2022" true true false 2 Short 0 0 ,First,#,sf_doe_prec_2022_09_pt,PREC_2022,-1,-1;BARTDist_2022 "BARTDist_2022" true true false 10 Text 0 0 ,First,#,sf_doe_prec_2022_09_pt,BARTDist_2022,-1,-1;SupDist_2022 "SupDist_2022" true true false 10 Text 0 0 ,First,#,sf_doe_prec_2022_09_pt,SupDist_2022,-1,-1;AssembDist_2022 "AssembDist_2022" true true false 12 Text 0 0 ,First,#,sf_doe_prec_2022_09_pt,AssembDist_2022,-1,-1;BOE_2022 "BOE_2022" true true false 12 Text 0 0 ,First,#,sf_doe_prec_2022_09_pt,BOE_2022,-1,-1;AnalysisNbhd_2022 "AnalysisNbhd_2022" true true false 50 Text 0 0 ,First,#,O:\Precinct Services\GIS\2022 Redistricting\Feb 15 2022 - State Redistricting\2022 State Redistricting Shapefiles.gdb\wm84_DistrictJoinShapes\Neighborhoods2022_pg,hood_41,-1,-1" INTERSECT # #</Process><Process ToolSource="c:\program files (x86)\arcgis\desktop10.8\ArcToolbox\Toolboxes\Analysis Tools.tbx\SpatialJoin" Date="20220105" Time="152549">SpatialJoin sf_doe_prec_2022_10_pt "O:\Precinct Services\GIS\2022 Redistricting\Feb 15 2022 - State Redistricting\2022 State Redistricting Shapefiles.gdb\wm84_DistrictJoinShapes\CongDist2022_pg" "O:\Precinct Services\GIS\2022 Redistricting\Feb 15 2022 - State Redistricting\2022 State Redistricting Shapefiles.gdb\wm84_3857_editing\sf_doe_prec_2022_11_pt" JOIN_ONE_TO_ONE KEEP_ALL "SupDist_2012 "SupDist_2012" true true false 10 Text 0 0 ,First,#,sf_doe_prec_2022_10_pt,SupDist_2012,-1,-1;BARTDist_2012 "BARTDist_2012" true true false 10 Text 0 0 ,First,#,sf_doe_prec_2022_10_pt,BARTDist_2012,-1,-1;AssemDist_2012 "AssemDist_2012" true true false 10 Text 0 0 ,First,#,sf_doe_prec_2022_10_pt,AssemDist_2012,-1,-1;CongDist_2012 "CongDist_2012" true true false 10 Text 0 0 ,First,#,sf_doe_prec_2022_10_pt,CongDist_2012,-1,-1;NeighRep_2012 "NeighRep_2012" true true false 30 Text 0 0 ,First,#,sf_doe_prec_2022_10_pt,NeighRep_2012,-1,-1;wm84_x "wm84_x" true true false 8 Double 0 0 ,First,#,sf_doe_prec_2022_10_pt,wm84_x,-1,-1;wm84_y "wm84_y" true true false 8 Double 0 0 ,First,#,sf_doe_prec_2022_10_pt,wm84_y,-1,-1;Longitude "Longitude" true true false 8 Double 0 0 ,First,#,sf_doe_prec_2022_10_pt,Longitude,-1,-1;Latitude "Latitude" true true false 8 Double 0 0 ,First,#,sf_doe_prec_2022_10_pt,Latitude,-1,-1;PREC_2021 "PREC_2021" true true false 4 Long 0 0 ,First,#,sf_doe_prec_2022_10_pt,PREC_2021,-1,-1;PREC_2022 "PREC_2022" true true false 2 Short 0 0 ,First,#,sf_doe_prec_2022_10_pt,PREC_2022,-1,-1;BARTDist_2022 "BARTDist_2022" true true false 10 Text 0 0 ,First,#,sf_doe_prec_2022_10_pt,BARTDist_2022,-1,-1;SupDist_2022 "SupDist_2022" true true false 10 Text 0 0 ,First,#,sf_doe_prec_2022_10_pt,SupDist_2022,-1,-1;AssembDist_2022 "AssembDist_2022" true true false 12 Text 0 0 ,First,#,sf_doe_prec_2022_10_pt,AssembDist_2022,-1,-1;BOE_2022 "BOE_2022" true true false 12 Text 0 0 ,First,#,sf_doe_prec_2022_10_pt,BOE_2022,-1,-1;AnalysisNbhd_2022 "AnalysisNbhd_2022" true true false 50 Text 0 0 ,First,#,sf_doe_prec_2022_10_pt,AnalysisNbhd_2022,-1,-1;CongDist_2022 "CongDist_2022" true true false 12 Text 0 0 ,First,#,O:\Precinct Services\GIS\2022 Redistricting\Feb 15 2022 - State Redistricting\2022 State Redistricting Shapefiles.gdb\wm84_DistrictJoinShapes\CongDist2022_pg,DISTRICT,-1,-1" INTERSECT # #</Process><Process ToolSource="c:\program files (x86)\arcgis\desktop10.8\ArcToolbox\Toolboxes\Analysis Tools.tbx\SpatialJoin" Date="20220105" Time="152741">SpatialJoin sf_doe_prec_2022_11_pt "O:\Precinct Services\GIS\2022 Redistricting\Feb 15 2022 - State Redistricting\2022 State Redistricting Shapefiles.gdb\wm84_DistrictJoinShapes\SenateDist2022_pg" "O:\Precinct Services\GIS\2022 Redistricting\Feb 15 2022 - State Redistricting\2022 State Redistricting Shapefiles.gdb\wm84_3857_editing\sf_doe_prec_2022_12_pt" JOIN_ONE_TO_ONE KEEP_ALL "SupDist_2012 "SupDist_2012" true true false 10 Text 0 0 ,First,#,sf_doe_prec_2022_11_pt,SupDist_2012,-1,-1;BARTDist_2012 "BARTDist_2012" true true false 10 Text 0 0 ,First,#,sf_doe_prec_2022_11_pt,BARTDist_2012,-1,-1;AssemDist_2012 "AssemDist_2012" true true false 10 Text 0 0 ,First,#,sf_doe_prec_2022_11_pt,AssemDist_2012,-1,-1;CongDist_2012 "CongDist_2012" true true false 10 Text 0 0 ,First,#,sf_doe_prec_2022_11_pt,CongDist_2012,-1,-1;NeighRep_2012 "NeighRep_2012" true true false 30 Text 0 0 ,First,#,sf_doe_prec_2022_11_pt,NeighRep_2012,-1,-1;wm84_x "wm84_x" true true false 8 Double 0 0 ,First,#,sf_doe_prec_2022_11_pt,wm84_x,-1,-1;wm84_y "wm84_y" true true false 8 Double 0 0 ,First,#,sf_doe_prec_2022_11_pt,wm84_y,-1,-1;Longitude "Longitude" true true false 8 Double 0 0 ,First,#,sf_doe_prec_2022_11_pt,Longitude,-1,-1;Latitude "Latitude" true true false 8 Double 0 0 ,First,#,sf_doe_prec_2022_11_pt,Latitude,-1,-1;PREC_2021 "PREC_2021" true true false 4 Long 0 0 ,First,#,sf_doe_prec_2022_11_pt,PREC_2021,-1,-1;PREC_2022 "PREC_2022" true true false 2 Short 0 0 ,First,#,sf_doe_prec_2022_11_pt,PREC_2022,-1,-1;BARTDist_2022 "BARTDist_2022" true true false 10 Text 0 0 ,First,#,sf_doe_prec_2022_11_pt,BARTDist_2022,-1,-1;SupDist_2022 "SupDist_2022" true true false 10 Text 0 0 ,First,#,sf_doe_prec_2022_11_pt,SupDist_2022,-1,-1;AssembDist_2022 "AssembDist_2022" true true false 12 Text 0 0 ,First,#,sf_doe_prec_2022_11_pt,AssembDist_2022,-1,-1;BOE_2022 "BOE_2022" true true false 12 Text 0 0 ,First,#,sf_doe_prec_2022_11_pt,BOE_2022,-1,-1;AnalysisNbhd_2022 "AnalysisNbhd_2022" true true false 50 Text 0 0 ,First,#,sf_doe_prec_2022_11_pt,AnalysisNbhd_2022,-1,-1;CongDist_2022 "CongDist_2022" true true false 12 Text 0 0 ,First,#,sf_doe_prec_2022_11_pt,CongDist_2022,-1,-1;SenateDist_2022 "SenateDist_2022" true true false 12 Text 0 0 ,First,#,O:\Precinct Services\GIS\2022 Redistricting\Feb 15 2022 - State Redistricting\2022 State Redistricting Shapefiles.gdb\wm84_DistrictJoinShapes\SenateDist2022_pg,DISTRICT,-1,-1" INTERSECT # #</Process><Process ToolSource="c:\program files (x86)\arcgis\desktop10.8\ArcToolbox\Toolboxes\Data Management Tools.tbx\FeatureToPolygon" Date="20220105" Time="154312">FeatureToPolygon sf_doe_pct_2022_01_li "O:\Precinct Services\GIS\2022 Redistricting\Feb 15 2022 - State Redistricting\2022 State Redistricting Shapefiles.gdb\wm84_2022_polygons\sf_doe_pct_2022_02_pg" # ATTRIBUTES sf_doe_prec_2022_12_pt</Process><Process ToolSource="c:\program files (x86)\arcgis\desktop10.8\ArcToolbox\Toolboxes\Conversion Tools.tbx\FeatureClassToFeatureClass" Date="20220105" Time="155016">FeatureClassToFeatureClass sf_doe_pct_2022_02_pg "O:\Precinct Services\GIS\2022 Redistricting\Feb 15 2022 - State Redistricting\2022 State Redistricting Shapefiles.gdb\wm84_StateRedistDeliverables2022" SF_DOE_Prec_2022_01_05 # "SupDist_2012 "SupDist_2012" true true false 10 Text 0 0 ,First,#,sf_doe_pct_2022_02_pg,SupDist_2012,-1,-1;BARTDist_2012 "BARTDist_2012" true true false 10 Text 0 0 ,First,#,sf_doe_pct_2022_02_pg,BARTDist_2012,-1,-1;AssemDist_2012 "AssemDist_2012" true true false 10 Text 0 0 ,First,#,sf_doe_pct_2022_02_pg,AssemDist_2012,-1,-1;CongDist_2012 "CongDist_2012" true true false 10 Text 0 0 ,First,#,sf_doe_pct_2022_02_pg,CongDist_2012,-1,-1;NeighRep_2012 "NeighRep_2012" true true false 30 Text 0 0 ,First,#,sf_doe_pct_2022_02_pg,NeighRep_2012,-1,-1;wm84_x "wm84_x" true true false 8 Double 0 0 ,First,#,sf_doe_pct_2022_02_pg,wm84_x,-1,-1;wm84_y "wm84_y" true true false 8 Double 0 0 ,First,#,sf_doe_pct_2022_02_pg,wm84_y,-1,-1;Longitude "Longitude" true true false 8 Double 0 0 ,First,#,sf_doe_pct_2022_02_pg,Longitude,-1,-1;Latitude "Latitude" true true false 8 Double 0 0 ,First,#,sf_doe_pct_2022_02_pg,Latitude,-1,-1;PREC_2021 "PREC_2021" true true false 4 Long 0 0 ,First,#,sf_doe_pct_2022_02_pg,PREC_2021,-1,-1;PREC_2022 "PREC_2022" true true false 2 Short 0 0 ,First,#,sf_doe_pct_2022_02_pg,PREC_2022,-1,-1;BARTDist_2022 "BARTDist_2022" true true false 10 Text 0 0 ,First,#,sf_doe_pct_2022_02_pg,BARTDist_2022,-1,-1;SupDist_2022 "SupDist_2022" true true false 10 Text 0 0 ,First,#,sf_doe_pct_2022_02_pg,SupDist_2022,-1,-1;AssembDist_2022 "AssembDist_2022" true true false 12 Text 0 0 ,First,#,sf_doe_pct_2022_02_pg,AssembDist_2022,-1,-1;BOE_2022 "BOE_2022" true true false 12 Text 0 0 ,First,#,sf_doe_pct_2022_02_pg,BOE_2022,-1,-1;AnalysisNbhd_2022 "AnalysisNbhd_2022" true true false 50 Text 0 0 ,First,#,sf_doe_pct_2022_02_pg,AnalysisNbhd_2022,-1,-1;CongDist_2022 "CongDist_2022" true true false 12 Text 0 0 ,First,#,sf_doe_pct_2022_02_pg,CongDist_2022,-1,-1;SenateDist_2022 "SenateDist_2022" true true false 12 Text 0 0 ,First,#,sf_doe_pct_2022_02_pg,SenateDist_2022,-1,-1;Shape_Length "Shape_Length" false true true 8 Double 0 0 ,First,#,sf_doe_pct_2022_02_pg,Shape_Length,-1,-1;Shape_Area "Shape_Area" false true true 8 Double 0 0 ,First,#,sf_doe_pct_2022_02_pg,Shape_Area,-1,-1" #</Process></lineage><itemProps><itemLocation><linkage Sync="TRUE">file://\\doe-ntsvr02\office\Precinct Services\GIS\2022 Redistricting\Feb 15 2022 - State Redistricting\2022 State Redistricting Shapefiles.gdb</linkage><protocol Sync="TRUE">Local Area Network</protocol></itemLocation><itemName Sync="TRUE">SF_DOE_Prec_2022_01_05</itemName><imsContentType Sync="TRUE">002</imsContentType><nativeExtBox><westBL Sync="TRUE">5979385.520985</westBL><eastBL Sync="TRUE">6033437.197659</eastBL><southBL Sync="TRUE">2085730.474853</southBL><northBL Sync="TRUE">2130981.818077</northBL><exTypeCode Sync="TRUE">1</exTypeCode></nativeExtBox><relatedItems><item><itemName/></item><item><itemName Sync="TRUE">Anno_94_110</itemName><itemType Sync="TRUE">Relationship</itemType></item></relatedItems></itemProps><coordRef><type Sync="TRUE">Projected</type><geogcsn Sync="TRUE">GCS_WGS_1984</geogcsn><csUnits Sync="TRUE">Linear Unit: Meter (1.000000)</csUnits><peXml Sync="TRUE">&lt;ProjectedCoordinateSystem xsi:type='typens:ProjectedCoordinateSystem' xmlns:xsi='http://www.w3.org/2001/XMLSchema-instance' xmlns:xs='http://www.w3.org/2001/XMLSchema' xmlns:typens='http://www.esri.com/schemas/ArcGIS/10.8'&gt;&lt;WKT&gt;PROJCS[&amp;quot;WGS_1984_Web_Mercator_Auxiliary_Sphere&amp;quot;,GEOGCS[&amp;quot;GCS_WGS_1984&amp;quot;,DATUM[&amp;quot;D_WGS_1984&amp;quot;,SPHEROID[&amp;quot;WGS_1984&amp;quot;,6378137.0,298.257223563]],PRIMEM[&amp;quot;Greenwich&amp;quot;,0.0],UNIT[&amp;quot;Degree&amp;quot;,0.0174532925199433]],PROJECTION[&amp;quot;Mercator_Auxiliary_Sphere&amp;quot;],PARAMETER[&amp;quot;False_Easting&amp;quot;,0.0],PARAMETER[&amp;quot;False_Northing&amp;quot;,0.0],PARAMETER[&amp;quot;Central_Meridian&amp;quot;,0.0],PARAMETER[&amp;quot;Standard_Parallel_1&amp;quot;,0.0],PARAMETER[&amp;quot;Auxiliary_Sphere_Type&amp;quot;,0.0],UNIT[&amp;quot;Meter&amp;quot;,1.0],AUTHORITY[&amp;quot;EPSG&amp;quot;,3857]]&lt;/WKT&gt;&lt;XOrigin&gt;-20037700&lt;/XOrigin&gt;&lt;YOrigin&gt;-30241100&lt;/YOrigin&gt;&lt;XYScale&gt;10000&lt;/XYScale&gt;&lt;ZOrigin&gt;-100000&lt;/ZOrigin&gt;&lt;ZScale&gt;10000&lt;/ZScale&gt;&lt;MOrigin&gt;-100000&lt;/MOrigin&gt;&lt;MScale&gt;10000&lt;/MScale&gt;&lt;XYTolerance&gt;0.001&lt;/XYTolerance&gt;&lt;ZTolerance&gt;0.001&lt;/ZTolerance&gt;&lt;MTolerance&gt;0.001&lt;/MTolerance&gt;&lt;HighPrecision&gt;true&lt;/HighPrecision&gt;&lt;WKID&gt;102100&lt;/WKID&gt;&lt;LatestWKID&gt;3857&lt;/LatestWKID&gt;&lt;/ProjectedCoordinateSystem&gt;</peXml><projcsn Sync="TRUE">WGS_1984_Web_Mercator_Auxiliary_Sphere</projcsn></coordRef></DataProperties><SyncDate>20220105</SyncDate><SyncTime>15500900</SyncTime><ModDate>20220105</ModDate><ModTime>15500900</ModTime></Esri><dataIdInfo><envirDesc Sync="TRUE"> Version 6.2 (Build 9200) ; Esri ArcGIS 10.8.1.14362</envirDesc><dataLang><languageCode value="eng" Sync="TRUE"></languageCode><countryCode value="USA" Sync="TRUE"></countryCode></dataLang><idCitation><resTitle Sync="TRUE">SF_DOE_Prec_2022_01_05</resTitle><presForm><PresFormCd value="005" Sync="TRUE"></PresFormCd></presForm></idCitation><spatRpType><SpatRepTypCd value="001" Sync="TRUE"></SpatRepTypCd></spatRpType><dataExt><geoEle><GeoBndBox esriExtentType="search"><exTypeCode Sync="TRUE">1</exTypeCode><westBL Sync="TRUE">-122.516315</westBL><eastBL Sync="TRUE">-122.326138</eastBL><northBL Sync="TRUE">37.833119</northBL><southBL Sync="TRUE">37.705822</southBL></GeoBndBox></geoEle></dataExt></dataIdInfo><mdLang><languageCode value="eng" Sync="TRUE"></languageCode><countryCode value="USA" Sync="TRUE"></countryCode></mdLang><distInfo><distFormat><formatName Sync="TRUE">File Geodatabase Feature Class</formatName></distFormat></distInfo><mdHrLv><ScopeCd value="005" Sync="TRUE"></ScopeCd></mdHrLv><mdHrLvName Sync="TRUE">dataset</mdHrLvName><refSysInfo><RefSystem><refSysID><identCode code="3857" Sync="TRUE" value="2227"></identCode><idCodeSpace Sync="TRUE">EPSG</idCodeSpace><idVersion Sync="TRUE">8.8(9.3.1.2)</idVersion></refSysID></RefSystem></refSysInfo><spatRepInfo><VectSpatRep><geometObjs Name="SF_DOE_Prec_2022_01_05"><geoObjTyp><GeoObjTypCd value="002" Sync="TRUE"></GeoObjTypCd></geoObjTyp><geoObjCnt Sync="TRUE">0</geoObjCnt></geometObjs><topLvl><TopoLevCd value="001" Sync="TRUE"></TopoLevCd></topLvl></VectSpatRep></spatRepInfo><spdoinfo><ptvctinf><esriterm Name="SF_DOE_Prec_2022_01_05"><efeatyp Sync="TRUE">Simple</efeatyp><efeageom code="4" Sync="TRUE"></efeageom><esritopo Sync="TRUE">FALSE</esritopo><efeacnt Sync="TRUE">0</efeacnt><spindex Sync="TRUE">TRUE</spindex><linrefer Sync="TRUE">FALSE</linrefer></esriterm></ptvctinf></spdoinfo><eainfo><detailed Name="SF_DOE_Prec_2022_01_05"><enttyp><enttypl Sync="TRUE">SF_DOE_Prec_2022_01_05</enttypl><enttypt Sync="TRUE">Feature Class</enttypt><enttypc Sync="TRUE">0</enttypc></enttyp><attr><attrlabl Sync="TRUE">Shape</attrlabl><attalias Sync="TRUE">Shape</attalias><attrtype Sync="TRUE">Geometry</attrtype><attwidth Sync="TRUE">0</attwidth><atprecis Sync="TRUE">0</atprecis><attscale Sync="TRUE">0</attscale><attrdef Sync="TRUE">Feature geometry.</attrdef><attrdefs Sync="TRUE">ESRI</attrdefs><attrdomv><udom Sync="TRUE">Coordinates defining the features.</udom></attrdomv></attr><attr><attrlabl Sync="TRUE">OBJECTID</attrlabl><attalias Sync="TRUE">OBJECTID</attalias><attrtype Sync="TRUE">OID</attrtype><attwidth Sync="TRUE">4</attwidth><atprecis Sync="TRUE">0</atprecis><attscale Sync="TRUE">0</attscale><attrdef Sync="TRUE">Internal feature number.</attrdef><attrdefs Sync="TRUE">ESRI</attrdefs><attrdomv><udom Sync="TRUE">Sequential unique whole numbers that are automatically generated.</udom></attrdomv></attr><attr><attrlabl Sync="TRUE">SupDist_2012</attrlabl><attalias Sync="TRUE">SupDist_2012</attalias><attrtype Sync="TRUE">String</attrtype><attwidth Sync="TRUE">10</attwidth><atprecis Sync="TRUE">0</atprecis><attscale Sync="TRUE">0</attscale></attr><attr><attrlabl Sync="TRUE">BARTDist_2012</attrlabl><attalias Sync="TRUE">BARTDist_2012</attalias><attrtype Sync="TRUE">String</attrtype><attwidth Sync="TRUE">10</attwidth><atprecis Sync="TRUE">0</atprecis><attscale Sync="TRUE">0</attscale></attr><attr><attrlabl Sync="TRUE">AssemDist_2012</attrlabl><attalias Sync="TRUE">AssemDist_2012</attalias><attrtype Sync="TRUE">String</attrtype><attwidth Sync="TRUE">10</attwidth><atprecis Sync="TRUE">0</atprecis><attscale Sync="TRUE">0</attscale></attr><attr><attrlabl Sync="TRUE">CongDist_2012</attrlabl><attalias Sync="TRUE">CongDist_2012</attalias><attrtype Sync="TRUE">String</attrtype><attwidth Sync="TRUE">10</attwidth><atprecis Sync="TRUE">0</atprecis><attscale Sync="TRUE">0</attscale></attr><attr><attrlabl Sync="TRUE">NeighRep_2012</attrlabl><attalias Sync="TRUE">NeighRep_2012</attalias><attrtype Sync="TRUE">String</attrtype><attwidth Sync="TRUE">30</attwidth><atprecis Sync="TRUE">0</atprecis><attscale Sync="TRUE">0</attscale></attr><attr><attrlabl Sync="TRUE">wm84_x</attrlabl><attalias Sync="TRUE">wm84_x</attalias><attrtype Sync="TRUE">Double</attrtype><attwidth Sync="TRUE">8</attwidth><atprecis Sync="TRUE">0</atprecis><attscale Sync="TRUE">0</attscale></attr><attr><attrlabl Sync="TRUE">wm84_y</attrlabl><attalias Sync="TRUE">wm84_y</attalias><attrtype Sync="TRUE">Double</attrtype><attwidth Sync="TRUE">8</attwidth><atprecis Sync="TRUE">0</atprecis><attscale Sync="TRUE">0</attscale></attr><attr><attrlabl Sync="TRUE">Longitude</attrlabl><attalias Sync="TRUE">Longitude</attalias><attrtype Sync="TRUE">Double</attrtype><attwidth Sync="TRUE">8</attwidth><atprecis Sync="TRUE">0</atprecis><attscale Sync="TRUE">0</attscale></attr><attr><attrlabl Sync="TRUE">Latitude</attrlabl><attalias Sync="TRUE">Latitude</attalias><attrtype Sync="TRUE">Double</attrtype><attwidth Sync="TRUE">8</attwidth><atprecis Sync="TRUE">0</atprecis><attscale Sync="TRUE">0</attscale></attr><attr><attrlabl Sync="TRUE">PREC_2021</attrlabl><attalias Sync="TRUE">PREC_2021</attalias><attrtype Sync="TRUE">Integer</attrtype><attwidth Sync="TRUE">4</attwidth><atprecis Sync="TRUE">0</atprecis><attscale Sync="TRUE">0</attscale></attr><attr><attrlabl Sync="TRUE">PREC_2022</attrlabl><attalias Sync="TRUE">PREC_2022</attalias><attrtype Sync="TRUE">SmallInteger</attrtype><attwidth Sync="TRUE">2</attwidth><atprecis Sync="TRUE">0</atprecis><attscale Sync="TRUE">0</attscale></attr><attr><attrlabl Sync="TRUE">BARTDist_2022</attrlabl><attalias Sync="TRUE">BARTDist_2022</attalias><attrtype Sync="TRUE">String</attrtype><attwidth Sync="TRUE">10</attwidth><atprecis Sync="TRUE">0</atprecis><attscale Sync="TRUE">0</attscale></attr><attr><attrlabl Sync="TRUE">SupDist_2022</attrlabl><attalias Sync="TRUE">SupDist_2022</attalias><attrtype Sync="TRUE">String</attrtype><attwidth Sync="TRUE">10</attwidth><atprecis Sync="TRUE">0</atprecis><attscale Sync="TRUE">0</attscale></attr><attr><attrlabl Sync="TRUE">AssembDist_2022</attrlabl><attalias Sync="TRUE">AssembDist_2022</attalias><attrtype Sync="TRUE">String</attrtype><attwidth Sync="TRUE">12</attwidth><atprecis Sync="TRUE">0</atprecis><attscale Sync="TRUE">0</attscale></attr><attr><attrlabl Sync="TRUE">BOE_2022</attrlabl><attalias Sync="TRUE">BOE_2022</attalias><attrtype Sync="TRUE">String</attrtype><attwidth Sync="TRUE">12</attwidth><atprecis Sync="TRUE">0</atprecis><attscale Sync="TRUE">0</attscale></attr><attr><attrlabl Sync="TRUE">AnalysisNbhd_2022</attrlabl><attalias Sync="TRUE">AnalysisNbhd_2022</attalias><attrtype Sync="TRUE">String</attrtype><attwidth Sync="TRUE">50</attwidth><atprecis Sync="TRUE">0</atprecis><attscale Sync="TRUE">0</attscale></attr><attr><attrlabl Sync="TRUE">CongDist_2022</attrlabl><attalias Sync="TRUE">CongDist_2022</attalias><attrtype Sync="TRUE">String</attrtype><attwidth Sync="TRUE">12</attwidth><atprecis Sync="TRUE">0</atprecis><attscale Sync="TRUE">0</attscale></attr><attr><attrlabl Sync="TRUE">SenateDist_2022</attrlabl><attalias Sync="TRUE">SenateDist_2022</attalias><attrtype Sync="TRUE">String</attrtype><attwidth Sync="TRUE">12</attwidth><atprecis Sync="TRUE">0</atprecis><attscale Sync="TRUE">0</attscale></attr><attr><attrlabl Sync="TRUE">Shape_Length</attrlabl><attalias Sync="TRUE">Shape_Length</attalias><attrtype Sync="TRUE">Double</attrtype><attwidth Sync="TRUE">8</attwidth><atprecis Sync="TRUE">0</atprecis><attscale Sync="TRUE">0</attscale><attrdef Sync="TRUE">Length of feature in internal units.</attrdef><attrdefs Sync="TRUE">Esri</attrdefs><attrdomv><udom Sync="TRUE">Positive real numbers that are automatically generated.</udom></attrdomv></attr><attr><attrlabl Sync="TRUE">Shape_Area</attrlabl><attalias Sync="TRUE">Shape_Area</attalias><attrtype Sync="TRUE">Double</attrtype><attwidth Sync="TRUE">8</attwidth><atprecis Sync="TRUE">0</atprecis><attscale Sync="TRUE">0</attscale><attrdef Sync="TRUE">Area of feature in internal units squared.</attrdef><attrdefs Sync="TRUE">Esri</attrdefs><attrdomv><udom Sync="TRUE">Positive real numbers that are automatically generated.</udom></attrdomv></attr></detailed></eainfo><mdDateSt Sync="TRUE">20220105</mdDateSt></metadata>
