year,jurisdiction,violent_100k,property_100k,totalcrime_100k
2014,losangeles_mayor,496,2153,2649
2015,losangeles_mayor,633,2354,2987
2016,losangeles_mayor,725,2494,3219
2017,losangeles_mayor,763,2541,3304
2018,losangeles_mayor,755,2538,3293
2019,losangeles_mayor,739,2405,3144
2020,losangeles_mayor,741,2204,2945
2021,losangeles_mayor,804,2389,3193
2022,losangeles_mayor,831,2699,3530
2023,losangeles_mayor,813,2821,3634
2024,losangeles_mayor,794,2948,3742
2014,losangeles_county_prosecutor,422,2150,2572
2015,losangeles_county_prosecutor,496,2360,2856
2016,losangeles_county_prosecutor,556,2488,3044
2017,losangeles_county_prosecutor,590,2447,3037
2018,losangeles_county_prosecutor,580,2353,2933
2019,losangeles_county_prosecutor,562,2233,2795
2020,losangeles_county_prosecutor,545,2131,2676
2021,losangeles_county_prosecutor,592,2316,2908
2022,losangeles_county_prosecutor,628,2511,3139
2023,losangeles_county_prosecutor,633,2656,3289
2024,losangeles_county_prosecutor,639,2809,3448
2014,oakland_mayor,1670,5889,7559
2015,oakland_mayor,1443,5860,7303
2016,oakland_mayor,1443,5703,7146
2017,oakland_mayor,1298,5979,7277
2018,oakland_mayor,1277,5404,6681
2019,oakland_mayor,1275,6435,7710
2020,oakland_mayor,1283,5134,6417
2021,oakland_mayor,1452,5825,7277
2022,oakland_mayor,1513,6443,7956
2023,oakland_mayor,3549,9862,13411
2024,oakland_mayor,1437,6492,7929
2014,alameda_county_prosecutor,643,3577,4220
2015,alameda_county_prosecutor,591,3663,4254
2016,alameda_county_prosecutor,615,3626,4241
2017,alameda_county_prosecutor,597,3840,4437
2018,alameda_county_prosecutor,597,3531,4128
2019,alameda_county_prosecutor,582,3993,4575
2020,alameda_county_prosecutor,573,3465,4038
2021,alameda_county_prosecutor,638,3708,4346
2022,alameda_county_prosecutor,683,4252,4935
2023,alameda_county_prosecutor,1290,5522,6812
2024,alameda_county_prosecutor,532,3701,4233
2014,portland_mayor,470,5230,5700
2015,portland_mayor,485,5216,5701
2016,portland_mayor,504,5247,5751
2017,portland_mayor,520,5740,6260
2018,portland_mayor,534,5580,6114
2019,portland_mayor,559,5343,5902
2020,portland_mayor,583,5118,5701
2021,portland_mayor,780,5954,6734
2022,portland_mayor,771,6418,7189
2023,portland_mayor,710,5867,6577
2024,portland_mayor,512,5620,6132
2014,multnomah_county_prosecutor,459,6045,6504
2015,multnomah_county_prosecutor,465,5692,6157
2016,multnomah_county_prosecutor,472,5379,5851
2017,multnomah_county_prosecutor,482,5316,5798
2018,multnomah_county_prosecutor,508,5388,5896
2019,multnomah_county_prosecutor,532,5239,5771
2020,multnomah_county_prosecutor,553,5221,5774
2021,multnomah_county_prosecutor,718,5688,6406
2022,multnomah_county_prosecutor,708,5916,6624
2023,multnomah_county_prosecutor,655,5411,6066
2024,multnomah_county_prosecutor,557,5032,5589
2014,sanfrancisco_mayor,800,5389,6189
2015,sanfrancisco_mayor,785,6239,7024
2016,sanfrancisco_mayor,720,5562,6282
2017,sanfrancisco_mayor,725,6248,6973
2018,sanfrancisco_mayor,712,5701,6413
2019,sanfrancisco_mayor,691,5673,6364
2020,sanfrancisco_mayor,563,4509,5072
2021,sanfrancisco_mayor,609,5553,6162
2022,sanfrancisco_mayor,675,5988,6663
2023,sanfrancisco_mayor,706,5602,6308
2024,sanfrancisco_mayor,587,3929,4516
2014,sanfrancisco_prosecutor,800,5389,6189
2015,sanfrancisco_prosecutor,785,6239,7024
2016,sanfrancisco_prosecutor,720,5562,6282
2017,sanfrancisco_prosecutor,725,6248,6973
2018,sanfrancisco_prosecutor,712,5701,6413
2019,sanfrancisco_prosecutor,691,5673,6364
2020,sanfrancisco_prosecutor,563,4509,5072
2021,sanfrancisco_prosecutor,609,5553,6162
2022,sanfrancisco_prosecutor,675,5988,6663
2023,sanfrancisco_prosecutor,706,5602,6308
2024,sanfrancisco_prosecutor,587,3929,4516
2014,seattle_mayor,599,6112,6711
2015,seattle_mayor,598,5528,6126
2016,seattle_mayor,611,5472,6083
2017,seattle_mayor,617,5196,5813
2018,seattle_mayor,675,5148,5823
2019,seattle_mayor,665,4961,5626
2020,seattle_mayor,663,5155,5818
2021,seattle_mayor,808,5538,6346
2022,seattle_mayor,819,5608,6427
2023,seattle_mayor,776,5023,5799
2024,seattle_mayor,704,5309,6013
2014,seattle_prosecutor,599,6112,6711
2015,seattle_prosecutor,598,5528,6126
2016,seattle_prosecutor,611,5472,6083
2017,seattle_prosecutor,617,5196,5813
2018,seattle_prosecutor,675,5148,5823
2019,seattle_prosecutor,665,4961,5626
2020,seattle_prosecutor,663,5155,5818
2021,seattle_prosecutor,808,5538,6346
2022,seattle_prosecutor,819,5608,6427
2023,seattle_prosecutor,776,5023,5799
2024,seattle_prosecutor,704,5309,6013