year,jurisdiction,office,cycle,win,incumbent,margin,violent_100k,property_100k,totalcrime_100k,sheltered_100k,unsheltered_100k,totalhomeless_100k
2017,losangeles,mayor,primary,1,1,73.21237784,763,2541,3304,224,605,829
2022,losangeles,mayor,general,1,0,9.668442344,795,2542,3337,312,713,1025
2020,losangeles_county,prosecutor,general,1,0,7.062655921,545,2131,2676,184,480,664
2024,losangeles_county,prosecutor,general,0,1,-19.77629062,628,2652,3280,220,533,753
2022,oakland,mayor,general,1,0,0.5952433288,1513,6443,7956,399,775,1174
2024,oakland,mayor,recall,0,1,-21.23568351,2493,8177,10670,410,814,1224
2022,alameda_county,prosecutor,general,1,0,6.297167238,683,4252,4935,160,438,598
2024,alameda_county,prosecutor,recall,0,1,-25.83375647,911,4612,5523,177,404,581
2020,portland,mayor,general,0,1,-5.282526411,560,5336,5897,272,270,542
2024,portland,mayor,general,0,0,-18.11519775,633,5850,6483,352,530,882
2020,multnomah_county,prosecutor,primary,1,0,53.54273625,553,5221,5774,262,312,574
2024,multnomah_county,prosecutor,primary,0,1,-6.980057721,625,5352,5977,352,530,881
2018,sanfrancisco,mayor,special,0,0,-1.109813084,712,5701,6413,283,540,823
2024,sanfrancisco,mayor,general,0,0,-12.56064588,618,4697,5315,441,547,989
2019,sanfrancisco,prosecutor,general,1,0,1.664868921,691,5673,6364,324,588,912
2022,sanfrancisco,prosecutor,recall,0,1,-10.06037753,631,5510,6140,415,550,964
2017,seattle,mayor,general,0,0,-12.33733825,617,5196,5813,606,532,1138
2021,seattle,mayor,general,1,0,-17.45743611,738,5313,6051,537,566,1103
2017,seattle,prosecutor,general,1,1,49.60620934,617,5196,5813,606,532,1138
2021,seattle,prosecutor,general,0,0,-3.762194814,738,5313,6051,537,566,1103